id,title,description,topic_categoriesthumbnail,tags,distracting,topic_categories,category,thumbnail
n2y7n6jw5d0,What does the Laplace Transform really tell us? A visual explanation (plus applications),This video goes through a visual explanation of the Laplace Transform as well as applications and its relationship to the Fourier ...,,,0,"['Education', 'maths']",27.0,
3gjJDuCAEQQ,The intuition behind Fourier and Laplace transforms I was never taught in school,This video covers a purely geometric way to understand both Fourier and Laplace transforms (without worrying about imaginary ...,,,0,"['Education', 'maths']",27.0,
KqokoYr_h1A,Intro to the Laplace Transform & Three Examples,Welcome to a new series on the Laplace Transform. This remarkable tool in mathematics will let us convert differential equations ...,,,0,"['Education', 'maths']",27.0,
65yw9klPklk,How to solve differential equations,... Laplace transform for the first time! Очень плохая музыка! ▭ See also ▭▭▭▭▭▭▭▭▭▭ * https://youtu.be/fmG7U0Pv30Y ...,,,0,"['Education', 'maths']",27.0,
AAir4vcxRPU,e (Euler's Number) is seriously everywhere | The strange times it shows up and why it's so important,Animations: Brainup Studios (email: mail@brainup.in) Timestamps/Extra Resources 2:42 - Derangements ...,,,0,"['Education', 'maths']",27.0,
e-42776_1Ns,7. Laplace Transform | Complete Concept and Problem#1 | Most Important Problem,"Get complete concept after watching this video Topics covered under playlist of Laplace Transform: Definition, Transform of ...",,,0,"['Education', 'maths']",27.0,
6MXMDrs6ZmA,Laplace Transform Explained and Visualized Intuitively,"Laplace Transform explained and visualized with 3D animations, giving an intuitive understanding of the equations. My Patreon ...",,,0,"['Education', 'maths']",27.0,
OiNh2DswFt4,Laplace transform 1 | Laplace transform | Differential Equations | Khan Academy,Introduction to the Laplace Transform Watch the next lesson: ...,,,0,"['Education', 'maths']",27.0,
TPewsaLASR4,"Mathematics for class 6, 7, 8, 9, 10 TGT PGT Maths",Playlist of Differential equations and Laplace Transform Differential equations and Laplace Transform: ...,,,0,"['Education', 'maths']",27.0,
9RJml41PFnc,Laplace Transform: First Order Equation,Transform each term in the linear differential equation to create an algebra problem. You can transform the algebra solution back ...,,,0,"['Education', 'maths']",27.0,
WbebNTFCsCc,Laplace Transform & Fourier Transform: Comparison and Relationship,Laplace Transform & Fourier Transform are covered by the following Timestamps: 0:00 - Laplace Transform & Fourier Transform ...,,,0,"['Education', 'maths']",27.0,
ZGPtPkTft8g,The Laplace Transform - A Graphical Approach,A lot of books cover how to perform a Laplace Transform to solve differential equations. This video tries to show graphically what ...,,,0,"['Education', 'maths']",27.0,
7UvtU75NXTg,The Laplace Transform: A Generalized Fourier Transform,"This video is about the Laplace Transform, a powerful generalization of the Fourier transform. It is one of the most important ...",,,0,"['Education', 'maths']",27.0,
ZtTDs2FZ2Qw,Manzil 2025: MATRICES in One Shot: All Concepts & PYQs Covered | JEE Main & Advanced,00:00 - Introduction 13:19 - Topics to be covered 16:33 - Matrix Definition 26:01 - Order of a matrix 39:13 - Types of matrices ...,,,0,"['Education', 'maths']",27.0,
spUNpyF58BY,But what is the Fourier Transform? A visual introduction.,Thanks to these viewers for their contributions to translations Hebrew: Omer Tuchfeld Russian: xX-Masik-Xx Vietnamese: ...,,,0,"['Education', 'maths']",27.0,
fNk_zzaMoSs,"Vectors | Chapter 1, Essence of linear algebra",Thanks to Elo Marie Viennot and Ambros Gleixner from HTW Berlin (www.htw-berlin.de) for contributing German translations and ...,,,0,"['Education', 'maths']",27.0,
1wWiA0l2GQk,Introduction to Laplace Transform,Signal & System: Introduction to Laplace Transform Topics discussed: 1. Laplace transform. 2. Laplace transform as the general ...,,,0,"['Education', 'maths']",27.0,
O87pL_uS4B0,Review of Laplace Transform (Part 1),Control Systems: The review of Laplace Transform Topics Discussed: 1. The use of Laplace transform. 2. Integral transforms. 3.,,,0,"['Education', 'maths']",27.0,
ftnpM_RO0Jc,Laplace Transform Ultimate Study Guide,"This tutorial includes the Laplace transform of derivatives, Laplace transform of e^(at), Laplace transform of t^n, Laplace transform ...",,,0,"['Education', 'maths']",27.0,
OA1OJrfpP20,Laplace Transform | Overview & Laplace Transform of Elementary Function by GP Sir,This video lecture on Laplace Transform | Overview & Laplace Transform of Elementary Function by GP Sir will help Engineering ...,,,0,"['Education', 'maths']",27.0,
g4FY_eVtEhI,The Laplace Transform: The First Shifting Theorem (Proof),This video shows that the Laplace transform of a function multiplied by e^at equals the Laplace transform of that function ...,,,0,"['Education', 'maths']",27.0,
zvbdoSeGAgI,"(1:2) Where the Laplace Transform comes from (Arthur Mattuck, MIT)","Next Part: http://www.youtube.com/watch?v=hqOboV2jgVo Prof. Arthur Mattuck, of the Department of Mathematics at MIT, explains ...",,,0,"['Education', 'maths']",27.0,
o4JYO_K9G-s,Laplace Transforms of ERROR FUNCTION|Engineering Mathematics|M3|👩‍🎓|B.Sc| All UNIVERSITIES,Laplace Transforms of ERROR FUNCTION|Engineering Mathematics|M3| ‍ |B.Sc| All UNIVERSITIES Error Function And Error ...,,,0,"['Education', 'maths']",27.0,
LF2xETZkZro,0. Laplace Transformations || Comprehensive lecture notes || Methods of Mathematical Physics MMP,In this video I am sharing my complete notes of Laplace Transformations.,,,0,"['Education', 'maths']",27.0,
65yw9klPklk,How to solve differential equations,... Laplace transform for the first time! Очень плохая музыка! ▭ See also ▭▭▭▭▭▭▭▭▭▭ * https://youtu.be/fmG7U0Pv30Y ...,,,0,"['Education', 'maths']",27.0,
p_kFNJ5bj5c,What is Laplace Transform? ENGINEERING MATHEMATICS,"https://www.youtube.com/channel/UCfiDcAUI_QxV9Wb-YaCj_Zw/join laplace transform, laplace transforms of elementary ...",,,0,"['Education', 'maths']",27.0,
NqeUG8FEvCo,LAPLACE TRANSFORM | MATHEMATICS | ONE SHOT | PRADEEP GIRI SIR,LAPLACE TRANSFORM | MATHEMATICS | ONE SHOT | PRADEEP GIRI SIR|ENGINEERING MATHEMATICS 3 ...,,,0,"['Education', 'maths']",27.0,
vELXJPaddpI,LAPLACE TRANSFORM | S-1 | ENGINEERING MATHS | GATE MATHS |SAURABH DAHIVADKAR|SECOND YEAR ENGINEERING,"n mathematics, the Laplace transform, named after its inventor Pierre-Simon Laplace , is an integral transform that converts a ...",,,0,"['Education', 'maths']",27.0,
IVJjm5FE4x8,Inverse Laplace Transform Examples || First Shifting Property of Inverse Laplace Transform ||,Here we have find Inverse Laplace Transform of two Laplace functions by using first Shifting Property of Inverse Laplace ...,,,0,"['Education', 'maths']",27.0,
WtdLamxDGa0,Laplace Transform an intuitive approach,SUBSCRIBE : https://www.youtube.com/c/TheSiGuyEN?sub_confirmation=1. Join this channel to get access to perks: ...,,,0,"['Education', 'maths']",27.0,
OKkQWki9l_w,Laplace Transforms of Derivatives | Problems | Laplace Transform | Engineering Mathematics,Laplace transform of derivatives is explained with problems. what is Laplace transform of derivatives. #Maths2 ...,,,0,"['Education', 'maths']",27.0,
8oE1shAX96U,Lesson 1 - Laplace Transform Definition (Engineering Math),In this lesson we will discuss the definition of the Laplace transform. This lesson aims to further your understanding of the Laplace ...,,,0,"['Education', 'maths']",27.0,
CbCUXWjhtHs,Laplace Transform | Laplace Transform Engineering Mathematics | Laplace Transform Formulas Proof,ENGINEERING MATHEMATICS-2 (BAS203) UNIT-2 LAPLACE TRANSFORM LECTURE CONTENT: CONCEPT OF LAPLACE ...,,,0,"['Education', 'maths']",27.0,
EDVJotmT584,Formula of Laplace Transform and Inverse Laplace Transform | By Gp Sir,Topic -Formula of Laplace Transform and Inverse Laplace Transform This Video Lecture Contains Important formulas for Laplace ...,,,0,"['Education', 'maths']",27.0,
lNlFmnGGH60,Laplace Transform | Derivation of Essential Equations,"The #Laplace #transform of a function f(t), defined for all real numbers t ≥ 0, is the function F(s), which is defined by F(s) ...",,,0,"['Education', 'maths']",27.0,
lqqKJA_TbRk,Laplace Transform of Elementary Function Problem 1,laplace_transformations.,,,0,"['Education', 'maths']",27.0,
MppvruSD868,🔵26 - Definition of Laplace Transform: Solving Basic Laplace Transforms,In this lesson we are going to discuss the integral operator; Laplace Transform. Laplace Transform is a very important tool in ...,,,0,"['Education', 'maths']",27.0,
RDtITuZDZi4,Laplace Transform Practice,"Get the full course at: http://www.MathTutorDVD.com In this lesson, you will learn how to apply the definition of the Laplace ...",,,0,"['Education', 'maths']",27.0,
QZsX6R_amBk,R22 JNTUH Laplace Transforms B.tech Mathematics || Laplace Transforms introduction in telugu ||,"Welcome to our comprehensive introduction to Laplace Transforms, a crucial topic in B.Tech Mathematics under the R22 ...",,,0,"['Education', 'maths']",27.0,
icGvJO3Zmfg,Laplace Transform of Integrals & Examples,This lecture explain how to find the laplace transform of integrals.,,,0,"['Education', 'maths']",27.0,
N35Utz4xLo4,Laplace Transform II Definition & LT of Elementary functions II Lecture-1 II Improved Series,"Namaste to all Friends, This Video Lecture Series presented By VEDAM Institute of Mathematics. It is Useful to all students of ...",,,0,"['Education', 'maths']",27.0,
MgcpPTtyGiw,Laplace Transform | Shifting theorem,First #shifting #theorem of Laplace transforms The first shifting theorem provides a convenient way of calculating the Laplace ...,,,0,"['Education', 'maths']",27.0,
HC03r21qFHc,What are Laplace Transforms?,"Welcome back MechanicalEI, did you know that Laplace Transformations were bought into popularity after its use during world ...",,,0,"['Education', 'maths']",27.0,
CWQSCPi8Jq8,laplace transform (hindi),laplace transform laplace transform in hindi laplace transform physical significance fourier series full chapter Fourier Series: ...,,,0,"['Education', 'maths']",27.0,
XPMQ3pM-qI4,1. Laplace Transform | Definition and Formulae | Must Watch,"Get complete concept after watching this video Topics covered under playlist of Laplace Transform: Definition, Transform of ...",,,0,"['Education', 'maths']",27.0,
fuxFrpaMLtw,Using Laplace Transforms to solve Differential Equations ***full example***,How can we use the Laplace Transform to solve an Initial Value Problem (IVP) consisting of an ODE together with initial ...,,,0,"['Education', 'maths']",27.0,
cK4p6nQz5DY,Laplace Transforms in Telugu,Introduction.,,,0,"['Education', 'maths']",27.0,
hqOboV2jgVo,"(2:2) Where the Laplace Transform comes from (Arthur Mattuck, MIT)","Previous Part: http://www.youtube.com/watch?v=zvbdoSeGAgI Prof. Arthur Mattuck, of the Department of Mathematics at MIT, ...",,,0,"['Education', 'maths']",27.0,
qDvRK4s7yKI,Laplace transform - basics # Transform technique# Engineering Maths # In Tamil,,,,0,"['Education', 'maths']",27.0,
ceM6fo5GKtQ,Laplace Transform of the product of 't' and some Function(s) | ζ{tⁿf(t)},Laplace #Transform of the #product of 't' and some Functions which is in the form ζ{tⁿf(t)} A unique formula will guide us on how ...,,,0,"['Education', 'maths']",27.0,
x-O7ck9QqTw,Differential Equations: Lecture 7.1 Definition of the Laplace Transform,This is a real classroom lecture on Differential Equations. I covered section 7.1 which is on the Definition of the Laplace Transform.,,,0,"['Education', 'maths']",27.0,
8ve6BtQ5QDI,LAPLACE transformation,DOWNLOAD Shrenik Jain - Study Simplified (App) : Android app: ...,,,0,"['Education', 'maths']",27.0,
W0Qb6PMAOX8,Laplace Transform - Definition & Laplace transform of Elementary Functions in Hindi (Lecture 1),"Namaste to all Friends, This Video Lecture Series presented By VEDAM Institute of Mathematics. It is Useful to all students of ...",,,0,"['Education', 'maths']",27.0,
xuEcNIdq8IQ,Laplace Transforms in Telugu || Root Maths Academy,#LaplaceTransformsinTelugu More videos :- Integration of U/V :- https://youtu.be/w91eK8NnF5g Minima and Maxima of ...,,,0,"['Education', 'maths']",27.0,
CERKluu27uI,"02 - Deriving the Essential Laplace Transforms, Part 1",In this video I provide and explain step by step instructions on how to derive the essential Laplace Transforms.,,,0,"['Education', 'maths']",27.0,
gS0hSbGI9Dg,🔵33 - Solving Initial Value Problems using Laplace Transforms method,In this lesson we are going to learn how to solve initial value problems using laplace transforms. Given a differential equation and ...,,,0,"['Education', 'maths']",27.0,
xzEPZEmUnFg,Laplace Transform Introduction - Advanced Engineering Mathematics,Introductory lecture video about Laplace Transform plus some solved examples such as Laplace transform of a constant and a ...,,,0,"['Education', 'maths']",27.0,
ofvkZXgbIxE,6: Laplace Transforms - Dissecting Differential Equations,"Explanation of the Laplace transform method for solving differential equations. In this video, we go through a complete derivation ...",,,0,"['Education', 'maths']",27.0,
tv4v1eaVQMg,Finding Laplace Transform Using Derived Table of Formula Part 1,"Hi guys! In this video, we will discuss how to find Laplace Transform of functions using its derived table of formula. We will solve ...",,,0,"['Education', 'maths']",27.0,
NYpTjg1FwVs,Laplace Transform Initial Value Problem (Example),"#math #brithemathguy This video was partially created using Manim. To learn more about animating with Manim, check ...",,,0,"['Education', 'maths']",27.0,
PG_-ax_HmS0,LAPLACE TRANSFORM | MATHEMATICS | LECTURE 01 | Important Formulae | All University,LAPLACE TRANSFORM | MATHEMATICS | LECTURE 01 | Important Formulae | All University #laplacetransform ...,,,0,"['Education', 'maths']",27.0,
KKAIzbK2zT4,4. Laplace Transforms | Problem#1 | Complete Concept,"Get complete concept after watching this video Topics covered under playlist of Laplace Transform: Definition, Transform of ...",,,0,"['Education', 'maths']",27.0,
rgAH5NhsSlE,"inverse laplace transform, example#5, with completing the square","inverse laplace transform, inverse laplace transform example, Shop Math: https://teespring.com/stores/blackpenredpen Wear ...",,,0,"['Education', 'maths']",27.0,
bMQ8DRTmdkM,"07 - Practice Calculating Inverse Laplace Transforms, Part 1",Learn how to calculate the inverse Laplace transform with step by step solved example problems.,,,0,"['Education', 'maths']",27.0,
p2LwHUJ9dHY,Laplace Transformations || Chapter-1 || Degree Mathematics Elective,it use full for degree and btech students #degreemaths #btechmaths #laplacetransformations.,,,0,"['Education', 'maths']",27.0,
dm1AySNBQM0,Practice Problems on Laplace Transform,For educational purposes only.,,,0,"['Education', 'maths']",27.0,
yHzXAoFjU3k,Laplace Transform of a Piecewise Function (Unit Step Function),In this video we will take the Laplace Transform of a Piecewise Function - and we will use unit step functions! Support me by ...,,,0,"['Education', 'maths']",27.0,
pSN7t79RxC4,"Lecture 20, The Laplace Transform | MIT RES.6.007 Signals and Systems, Spring 2011","Lecture 20, The Laplace Transform Instructor: Alan V. Oppenheim View the complete course: http://ocw.mit.edu/RES-6.007S11 ...",,,0,"['Education', 'maths']",27.0,
11jLUuP1_uY,"09 - Solve Differential Equations with Laplace Transforms, Part 1",Here we learn how to solve differential equations using the laplace transform. We learn how to use the properties of the laplace ...,,,0,"['Education', 'maths']",27.0,
AtuYU5VZAl4,"Solve differential equation with laplace transform, example 2","inverse laplace transform, inverse laplace transform example, blakcpenredpen.",,,0,"['Education', 'maths']",27.0,
FBl6XSTaS7k,Using Laplace Transforms to Solve Differential Equations,Examples of solving differential equations using the Laplace transform.,,,0,"['Education', 'maths']",27.0,
nzPHWjEc4kg,Signals and Systems | Module 3 | Laplace Transform | Part 1 (Lecture 29),"Consider the term ""Bilateral Laplace Transform"" at the place of ""Bilinear Laplace Transform"". Subject - Signals and Systems Topic ...",,,0,"['Education', 'maths']",27.0,
mA9oLEqm30s,Laplace Transformation and its Existence,This lecture explains the Laplace transformation. #laplace #mathematics Other videos @DrHarishGarg Laplace Transform: ...,,,0,"['Education', 'maths']",27.0,
33TYoybjqPg,Laplace transform 2 | Laplace transform | Differential Equations | Khan Academy,Laplace transform of e^at Watch the next lesson: ...,,,0,"['Education', 'maths']",27.0,
3uYb-RhM7lU,Laplace transform to solve an equation | Laplace transform | Differential Equations | Khan Academy,Using the Laplace Transform to solve an equation we already knew how to solve. Watch the next lesson: ...,,,0,"['Education', 'maths']",27.0,
3dA9Npkbzrc,Inverse Laplace Transform (Tagalog/Filipino Math),Hi guys! This video discusses how to find the inverse Laplace transform of a given function F(s). Inverse Laplace transform used to ...,,,0,"['Education', 'maths']",27.0,
6jW7FCyapXE,"solve differential with laplace transform, sect 7.5#3","solve differential with laplace transform, sect 7.5#3, laplace transform examples, blackpenredpen.",,,0,"['Education', 'maths']",27.0,
EfzPazBiyOQ,LAPLACE TRANSFORM | MATHEMATICS | LECTURE 06 | Laplace Transform of Derivative and Integrals,LAPLACE TRANSFORM | MATHEMATICS | LECTURE 06 | Laplace Transform of Derivative and Integrals | PRADEEP GIRI SIR ...,,,0,"['Education', 'maths']",27.0,
Vw_zXDW6hcw,Laplace Transform of Derivatives (Applications to Solving Differential Equations) (Tagalog Math),Hi guys! This videos discusses the formula in finding the Laplace transform of derivatives as well as its applications in solving ...,,,0,"['Education', 'maths']",27.0,
LV_sfMBp6gM,"Laplace Transform Explained: Basics, Definition, Importance, and Formula",Laplace Transform is covered by the following Outlines: 0. Laplace transform 1. Basics of Laplace transform 2. Importance of ...,,,0,"['Education', 'maths']",27.0,
f2F4pDW6Z8c,ONE SHOT REVISION | ENGINEERING MATHEMATICS-II | UNIT-2 | LAPLACE TRANSFORM | WITH APPLICATIONS,ENGINEERING MATHEMATICS-2 (UNIT-2) | LAPLACE TRANSFROM ONE SHOT REVISION B.TECH ONE SHOT ORDINARY ...,,,0,"['Education', 'maths']",27.0,
c4IpXAY7Q4s,Laplace Transforms( Part 1) | KTU S4 Mathematics| Module 4,"Laplace Transforms (Part 1) Basic formula MA 202 Probability Distribution, Transforms and Numerical Methods Module 4 KTU ...",,,0,"['Education', 'maths']",27.0,
EIsL1JEDmDc,Finding Laplace Transform Using Derived Table of Formula Part 2,"Hi guys! In this video, we will discuss how to find Laplace Transform of functions using its derived table of formula. We will solve ...",,,0,"['Education', 'maths']",27.0,
zo4Stc-raQE,Laplace Transform and Piecewise or Discontinuous Functions,"This video deals particularly with how the Laplace Transform works with piecewise functions, a type of discontinuous functions.",,,0,"['Education', 'maths']",27.0,
WAkLg2b5dGM,🔵28 - Laplace Transforms Practice Problems (1),"After studying the definition and elementary properties of the laplace transform, lets try to solve some laplace transform problems.",,,0,"['Education', 'maths']",27.0,
hRcH-DK9vL0,Laplace Transform Formulas | Best Tricks to Remember 🔥 | Engineering Mathematics,laplacetransform #engineeringmathematics #solveit The video demonstrates methods to solve problems based upon Laplace ...,,,0,"['Education', 'maths']",27.0,
c6YnYr8KsSo,Inverse Laplace Transform Example using Partial Fractions,"In this video in my series on Laplace Transforms, we practice compute Inverse Laplace Transforms. In this specific example, the ...",,,0,"['Education', 'maths']",27.0,
CxOJ1vgvcOc,Laplace Transform of Exponential Function - Advanced Engineering Mathematics,"Derivation of the Laplace transform of exponential function. If you find this video helpful, please don't forget to subscribe to my ...",,,0,"['Education', 'maths']",27.0,
l7kzsQwLv-0,Laplace Transform of a Periodic Function In Tamil-Laplace Transform,Laplace Transform of a Periodic Function In Tamil-Laplace Transform Engineering Mathematics 2 Regulation 2017 Find Laplace ...,,,0,"['Education', 'maths']",27.0,
OC7Y6hzCOVM,"Transform of Derivatives, Solving first order DE using Laplace Transform - Advanced Math","This video lecture is about solving differential equation using transform of derivatives. If you find this video helpful, please don't ...",,,0,"['Education', 'maths']",27.0,
F_XmgIryugU,Laplace Transform Equation Explained,Explains the Laplace Transform and discusses the relationship to the Fourier Transform. Related videos: (see: ...,,,0,"['Education', 'maths']",27.0,
KWcRYnyWDCo,"Laplace Transform of Basic Functions (Impulse, Unit Step, Ramp, Parabolic, sine and cosine )","In this video, the Laplace Transform of some Basic Functions(like Impulse, Unit Step, Ramp, Parabolic, Exponentials, and ...",,,0,"['Education', 'maths']",27.0,
Mht9iQns1xo,PART 2 of Evaluating Laplace Transform By Formula Table - Advanced Engineering Mathematics,"Please don't forget to leave a thumbs up, comment to my video. If you also find this video helpful, don't forget to SUBSCRIBE!",,,0,"['Education', 'maths']",27.0,
Gx6yQcmLuH8,Ultimate Inverse Laplace Transform Study Guide,How to do inverse Laplace transform. We will go over 24 inverse Laplace transform with partial fractions and the inverse Laplace ...,,,0,"['Education', 'maths']",27.0,
r2dEb74JwxE,Finding Laplace Transform Using Its Definition,"Hi guys! In this video, we will discuss how to find Laplace Transform of functions using its definition. We will solve several ...",,,0,"['Education', 'maths']",27.0,
Lmj3s4S62fQ,Laplace Transform - Calculating the Laplace Transform,Thanks to all of you who support me on Patreon. You da real mvps! $1 per month helps!! :) https://www.patreon.com/patrickjmt !,,,0,"['Education', 'maths']",27.0,
BbqbvSig6Mc,Inverse Laplace examples | Laplace transform | Differential Equations | Khan Academy,Using our toolkit to take some inverse Laplace Transforms Watch the next lesson: ...,,,0,"['Education', 'maths']",27.0,
taTcBFirCo8,Unlock the Secrets of Laplace Transform with Sivakumar in 5 Days!,"Laplace Transform is crucial for BSc Physics Honours, MSc Mathematical Physics, and BTech Engineering Mathematics students.",,,0,"['Education', 'maths']",27.0,
K7DboOcubmg,Laplace Transform of Unit Step Function | AEM Video 1,A video lecture for LPU engineering students taking Advanced Engineering Mathematics subject. Topic: LAPLACE TRANSFORM ...,,,0,"['Education', 'maths']",27.0,
JSlVUMUdTdY,Circuit Analysis using Laplace Transform | Network Analysis,"In this video, how to do the circuit analysis of electrical circuits using the Laplace Transform has been explained with few solved ...",,,0,"['Education', 'maths']",27.0,
1ovNMSQ3PVs,Question#4 - Laplace Transform - Application to Ordinary Differential Equation.,"In this video, you will learn the concept on Application of Laplace Transform to Solve Ordinary Differential Equation (Initial ...",,,0,"['Education', 'maths']",27.0,
5hPD7CF0_54,Laplace Transform Examples,This video describes important properties of the Laplace transform and gives some examples. @eigensteve on Twitter Brunton ...,,,0,"['Education', 'maths']",27.0,
uNefokVwX2g,Inverse Laplace Transform|Engineering Mathematics|One Shot |Pradeep Giri Sir,Inverse Laplace Transform|Engineering Mathematics|One Shot |Pradeep Giri Sir #inverselaplaceoneshot #engineering ...,,,0,"['Education', 'maths']",27.0,
SFBOsOsbGGo,How To Solve Inverse Laplace transform Using Completing the Square,"Solving Inverse Laplace Transform With Completing The Square. In mathematics, the Laplace transform, named after its ...",,,0,"['Education', 'maths']",27.0,
4Mr7aEHQr8E,Laplace transform of the unit step function | Laplace transform | Khan Academy,Introduction to the unit step function and its Laplace Transform Watch the next lesson: ...,,,0,"['Education', 'maths']",27.0,
yz-_EKIzz80,Inverse Laplace Transform by Partial Fraction Decomposition,,,,0,"['Education', 'maths']",27.0,
pXk0PNdTZH8,Signals & Systems - Laplace Transform - Introduction - UNIT V,,,,0,"['Education', 'maths']",27.0,
QoS_BUOLH70,Laplace Transform of Sine and Cosine Function - Advanced Engineering Mathematics,"A derivation of the laplace of the sine and the cosine function. If you find this video helpful, please don't forget to give a thumbs up ...",,,0,"['Education', 'maths']",27.0,
nHp5eP0ewqE,Everything you need to know about Laplace transforms,This is the ultimate engineer's introduction to Laplace transforms! 0:00 - Preamble 1:02 - Where does the Laplace transform come ...,,,0,"['Education', 'maths']",27.0,
mdj26_bUpBY,Differential Equation Using Laplace Transform + Heaviside Functions,Thanks to all of you who support me on Patreon. You da real mvps! $1 per month helps!! :) https://www.patreon.com/patrickjmt !,,,0,"['Education', 'maths']",27.0,
nQGMPzPtR_Y,Laplace Transforms//For both C16 & C20//Part -1,00:00 Intro 03:35 Examples on Basic Laplace Formulas 20:12 First-Shifting Theorem Into 21:22 Problems on First Shifting ...,,,0,"['Education', 'maths']",27.0,
qCLyiuhqatg,LAPLACE TRANSFORM IN HINDI IN ENGINEERING MATHS LECTURE 1 @TIKLESACADEMY,Visit My Other Channels : @TIKLESACADEMY @TIKLESACADEMYOFMATHS @TIKLESACADEMYOFEDUCATION THIS IS THE ...,,,0,"['Education', 'maths']",27.0,
BTS56I3dqEc,Laplace Transform Table of Formula (Tagalog/Filipino Math),Hi guys! This video discusses the Laplace Transform Formula which are all derived from the integral definition of Laplace ...,,,0,"['Education', 'maths']",27.0,
uPsrGMfNOME,Inverse Laplace transformation problems in Telugu,"Hai friends In this video, I have explained about different problems based on inverse Laplace transformation. Like, comment ...",,,0,"['Education', 'maths']",27.0,
xk7pYXMwUFI,🔵27 - Elementary Properties of the Laplace Transform with solved examples on each Property,In this lesson we are going to discuss the integral operator; Laplace Transform. Laplace Transform is a very important tool in ...,,,0,"['Education', 'maths']",27.0,
J36OKtPtTQw,Inverse Laplace Transform | Calculator Technique,"The inverse Laplace transform of F(s) can be determined using a calculator knowing the definition of the Laplace transform, ...",,,0,"['Education', 'maths']",27.0,
ZL2bQXRDxI4,Properties of Laplace Transform (Tagalog/Filipino Math),Hi guys! This videos discusses some properties of Laplace Transform which are the frequency differentiation and the shifting ...,,,0,"['Education', 'maths']",27.0,
SlnvOW84fOU,Finding Inverse Laplace Transform Part 1,"Hi guys! In this video, we will discuss how to find Inverse Laplace Transform of functions using its derived table of formula. We will ...",,,0,"['Education', 'maths']",27.0,
DqIqYXtWi50,"Laplace Transform| Applied Mathematics Three| Chapter 3 |February 10, 2023",,,,0,"['Education', 'maths']",27.0,
4XouPJVLDRg,Solving a partial differential equation using laplace transforms,Advanced MathWear: https://my-store-ef6c0f.creator-spring.com/ Complex analysis lectures: ...,,,0,"['Education', 'maths']",27.0,
PbIWuHOM0fU,Determine a Laplace Transform Involving the a Heaviside Function (Ex 1),This video explains how to determine a Laplace transform involving a Heaviside or unit step function. https://mathispower4u.com.,,,0,"['Education', 'maths']",27.0,
ZU1ku_QrEEA,The Laplace Transform | Definition,"This video gives the definition of the Laplace Transform of a function, and calculates two examples. The video below shows an ...",,,0,"['Education', 'maths']",27.0,
kKpeV7kirVY,Laplace Transforms in Telugu-4,First Shifting Theorem.,,,0,"['Education', 'maths']",27.0,
qSZqQRbiiug,Ex: Find the Laplace Transform of a Piecewise Defined Function (Ramp),This video explains how to determine the Laplace transform of a piecewise defined function. http://mathispower4u.com.,,,0,"['Education', 'maths']",27.0,
73Yf5sMEU2I,Solve by using Laplace transform # Allied Maths 2 # Laplace transform # Engg Maths,Playlist for solve ODE by Laplace transformhttps://youtube.com/playlist?list=PLEdgWiwledYBkGjL08TQyUdrrRUEmi7gh playlist ...,,,0,"['Education', 'maths']",27.0,
lI7fezJRPUw,Laplace Transform of Delta Function (Using the Definition),"#math #brithemathguy This video was partially created using Manim. To learn more about animating with Manim, check ...",,,0,"['Education', 'maths']",27.0,
dXIkFEe4faM,Laplace Transforms Basic Concepts With Examples | Chapter-5 B.Sc 4th Semester SF&IT Math || 2nd Year,Laplace Transforms Basic Concepts With Examples | Chapter-5 B.Sc 4th Semester SF&IT Math || 2nd Year.,,,0,"['Education', 'maths']",27.0,
AlSjhAFlIGA,Laplace transformation video Lecture in Hindi || Basic Concept of Laplace transform -,Laplace transformation video Lecture in Hindi || Basic Concept of Laplace transform -,,,0,"['Education', 'maths']",27.0,
kzQh4QwQLkc,How to Memorize the Laplace Transform Formulas,"If you enjoyed this video please consider liking, sharing, and subscribing. Udemy Courses Via My Website: ...",,,0,"['Education', 'maths']",27.0,
lPjrDmgN-aM,SOLVING DIFFERENTIAL EQUATION USING LAPLACE TRANSFORM IN TELUGU,PREVIOUS EXTERNAL PROBLEM SOLVING DIFFERENTIAL EQUATION USING LAPLACE TRANSFORM EXPLAINED IN ...,,,0,"['Education', 'maths']",27.0,
q58z_xA4FWA,Laplace Transform - Properties of laplace transform in Hindi (Lecture 2),"In this video we covers: Properties of Laplace Transform: multiply by t, divide by t, Laplace transform of derivatives, Laplace ...",,,0,"['Education', 'maths']",27.0,
cRTOT_DJ2Ms,INVERSE LAPLACE TRANSFORM|MATHEMATICS|LECTURE 01|Formulae|Standard & Shifting Theorem Based Question,INVERSE LAPLACE TRANSFORM | MATHEMATICS | LECTURE 01 | Formulae| Standard & Shifting Theorem Based Questions ...,,,0,"['Education', 'maths']",27.0,
4Sy3rujH5_E,LAPLACE TRANSFORMS,"Hi guys! In this video, I will explain the fundamental concepts of Laplace Transform, how to derive formulas of Laplace Transforms ...",,,0,"['Education', 'maths']",27.0,
RB11M7ex2Jw,1.Introduction to Laplace Transforms + Examples solved (Lecture 01) in Hindi,In this video you will learn Introduction to Laplace Transforms and Proofs of some formulas in Urdu/Hindi What are Laplace ...,,,0,"['Education', 'maths']",27.0,
Kb2sTe7PCC4,Inverse Laplace Transform by Partial Fraction || Partial Fraction Method || Example,Here we have find Inverse Laplace Transform of two functions by using Partial Fraction. We solve examples of non-repeated ...,,,0,"['Education', 'maths']",27.0,
EXHrpKdUL1k,"LAPLACE TRANSFORMS. PART 1.4th SEMESTER BSc MATHEMATISC, BSc PHYSICS, BSc CHEMISTRY","LAPLACE TRANSFORMS. PART 1.4th SEMESTER BSc MATHEMATISC, BSc PHYSICS, BSc CHEMISTRY.",,,0,"['Education', 'maths']",27.0,
Uj2HqXYYjyQ,Using Laplace Transform To Solve 2nd Order Linear Differential Equation Question,Using Laplace Transform To Solve 2nd Order Linear Differential Equation Question Engineering Mathematics 2 Regulation 2017 ...,,,0,"['Education', 'maths']",27.0,
rfuyoKOPJQk,Laplace Transforms | Special Function | B.A./B.Sc 2nd Year Mathematics | New Era Maths Classes,Feel free to call/WhatsApp us 8053633433 Follow us and never miss an update! Facebook ...,,,0,"['Education', 'maths']",27.0,
OY7GS54wkY4,Mathematics N5 LAPLACE TRANSFORMS - INTEGRATION INTRODUCTION @mathszoneafricanmotives,#mathszoneafricanmotives #light #engineering #southafrica #maths.,,,0,"['Education', 'maths']",27.0,
y1YDkbC3nVs,INVERSE LAPLACE TRANSFORM IN HINDI LECTURE 11 STUDY OF SOLVED PROBLEM 9,Visit My Most Popular Channel : @TIKLESACADEMY THIS IS THE 11TH VIDEO LECTURE ON INVERSE LAPLACE ...,,,0,"['Education', 'maths']",27.0,
vof6rlpeqTg,The Laplace Transform - Control Systems Lecture 1,"This is a short lecture, with examples, introducing the Laplace Transform. This video will be one of a larger series on Control ...",,,0,"['Education', 'maths']",27.0,
zfhyeXbb0d4,The Laplace Transform of Derivatives and Integrals,In this video we take the Laplace Transform of derivatives or integrals. What's amazing is that these result in expressions entirely ...,,,0,"['Education', 'maths']",27.0,
Qf9J3lC9ERQ,🔵29 - Inverse Laplace Transforms: Solving Basic Inverse Laplace Transforms,"In this lesson we shall do the reverse process of Laplace Transforms, that is, the inverse Laplace Transforms. If F(s) = L(f(t)), then ...",,,0,"['Education', 'maths']",27.0,
o7FJo83S5xM,Find the Laplace Transform of f(t) = cos^2(3t),"Please Subscribe here, thank you!!! https://goo.gl/JQ8Nys Find the Laplace Transform of f(t) = cos^2(3t)",,,0,"['Education', 'maths']",27.0,
iyJ53F27soc,Laplace transforms// Integral transforms//upsc maths optional/ MJPRU BSc Third semester maths//L1,Laplace transforms// Integral transforms//upsc maths optional/ MJPRU BSc Third semester maths//L1 Laplace transforms// Integral ...,,,0,"['Education', 'maths']",27.0,
2Iye2KsUmF0,Laplace Transform of Derivatives,"Hi! I'm Engr. Alex. This humble video shows you how to take the Laplace Transform of derivatives. If you have questions, please ...",,,0,"['Education', 'maths']",27.0,
S7zGQWX3FZQ,Relation between Laplace Transform & Fourier Transform,Signal & System: Relation between Laplace Transform and Fourier Transform Topics discussed: 1. Conversion of Laplace ...,,,0,"['Education', 'maths']",27.0,
8JeiMy1I1XY,Laplace Transform #6 (in Hindi) | Trigonometric Functions | Engineering Mathematics,Best & Easiest Videos Lectures covering all Most Important Questions on Engineering Mathematics for 50+ Universities Download ...,,,0,"['Education', 'maths']",27.0,
LW1VmZsUiLg,"Laplace Transform II Properties-Change of Scale, Multiply & Divide by t (Lecture 3) Improved Series","Namaste to all Friends, This Video Lecture Series presented By VEDAM Institute of Mathematics. It is Useful to all students of ...",,,0,"['Education', 'maths']",27.0,
LyUDZ-GYa8U,Solve differential equation with Laplace Transform involving unit step function,"Solve differential equation with Laplace Transform involving unit step function, www.blackpenredpen.com.",,,0,"['Education', 'maths']",27.0,
s2IuoytNhL4,Laplace Transform | First Shifting Theorem | Concept & Example by GP Sir,This video lecture on Laplace Transform | First Shifting Theorem | Concept & Example by GP Sir will help Engineering and Basic ...,,,0,"['Education', 'maths']",27.0,
xAlWXV0nfvI,Laplace Transform | Second Shifting Theorem | Concept & Example by GP Sir,This video lecture on Laplace Transform | Second Shifting Theorem | Concept & Example by GP Sir will help Engineering and ...,,,0,"['Education', 'maths']",27.0,
TJgBEI3drUc,The convolution and the laplace transform | Laplace transform | Khan Academy,Understanding how the product of the Transforms of two functions relates to their convolution. Watch the next lesson: ...,,,0,"['Education', 'maths']",27.0,
Y8GXpS31CGI,❖ The Inverse Laplace Transform - Example and Important Theorem ❖,"The Inverse Laplace Transform. In this video, I give an important theorem related to the inverse Laplace transform, give a ...",,,0,"['Education', 'maths']",27.0,
6woqcbjLXvA,Inverse Laplace - Advanced Engineering Mathematics,A lecture about evaluating inverse laplace of some basic laplace transforms with numerous examples/problems. If you find this ...,,,0,"['Education', 'maths']",27.0,
ykfnb5HKnh0,Laplace Transform of te^(-3t),We compute the Laplace Transform of te^(-3t). We use the first translation theorem to do this problem. I hope this helps someone ...,,,0,"['Education', 'maths']",27.0,
ns2F_WPZxvQ,Laplace Transform: Second Shifting Theorem,"Free ebook http://tinyurl.com/EngMathYT I calculate the Laplace transform of a particular function via the ""second shifting theorem"" ...",,,0,"['Education', 'maths']",27.0,
hGDzjWpyIrE,Solving Differential Equations Using LaPlace Transforms Ex. 1,This video shows how to solve differential equations using LaPlace Transforms.,,,0,"['Education', 'maths']",27.0,
06DQVFZtfGw,Condition for Existence of Laplace Transform,Signal & System: Condition for Existence of Laplace Transform Topics discussed: 1. Existence of Laplace transform. 2. Calculation ...,,,0,"['Education', 'maths']",27.0,
a96c_dIHfMU,Laplace Transformation Lecture 1 in Urdu/Hindi (M.K.F.A),Laplace Transformation Lecture 1 in Urdu/Hindi (M.K.F.A) I hope you like the Video. Do Subscribe the Channel.,,,0,"['Education', 'maths']",27.0,
e-42776_1Ns,7. Laplace Transform | Complete Concept and Problem#1 | Most Important Problem,"Get complete concept after watching this video Topics covered under playlist of Laplace Transform: Definition, Transform of ...",,,0,"['Education', 'maths']",27.0,
J-PLbwCYst0,Laplace Transform Calculator Technique,A Special Video Presentation Reverse Engineering Method for Finding the Laplace Transform of a Function Using Calculator!,,,0,"['Education', 'maths']",27.0,
4Jmh_FmVN6U,Laplace Transforms Of Integrals | Problems | Laplace Transform | Engineering Mathematics,Laplace transform of integral is explained with numericals. what is Laplace transform of Integrals #Maths2 #laplacetransformation ...,,,0,"['Education', 'maths']",27.0,
tx1DFpSfKmE,"Properties Of Laplace Transform, linear property, change of scale properties, shifting properties","Properties Of Laplace Transform. Properties Of Laplace Transform, linear property, change of scale properties, shifting properties ...",,,0,"['Education', 'maths']",27.0,
JKteP9AiW38,Laplace transform|| part 01||polytechnic maths m4||imp questions||4thSEM||@naveenreddy MATH,naveenreddymath #polytechnic #mathsm4 donations are accepted through you upi naveenreddymath@ybl ...,,,0,"['Education', 'maths']",27.0,
YQlcHUDaNS8,Circuit Analysis using Laplace Transform,In this video I have solved a circuit containing capacitor and inductor considering their initial conditions and using Laplace ...,,,0,"['Education', 'maths']",27.0,
ha4bDEB32TY,Laplace transform of t,Laplace transform of t. We will use integration by parts (DI method) and the definition of Laplace transform to determine the ...,,,0,"['Education', 'maths']",27.0,
vaNrjR60uv0,Laplace Transforms for Partial Differential Equations (PDEs),"In this video, I introduce the concept of Laplace Transforms to PDEs. A Laplace Transform is a special integral transform, and ...",,,0,"['Education', 'maths']",27.0,
ptpkDCi3Ux4,Laplace Transform & Region of Convergence Problem Example 1,Laplace Transform & Region of Convergence Problem Example 1 Watch more videos at ...,,,0,"['Education', 'maths']",27.0,
M9kt5ZSjX_I,Inverse Laplace Transform,Signal & System: Inverse Laplace Transform Topics discussed: 1. The formula of inverse Laplace transform. 2. Calculation of ...,,,0,"['Education', 'maths']",27.0,
F21roAB7Zy0,Laplace Transform: The Derivative Theorem and One Example,In this video I show the justification for the derivative theorem for the Laplace Transform. This is a useful technique so it is worth ...,,,0,"['Education', 'maths']",27.0,
RggTx6cuXag,Laplace Transform | Application to Partial Differential Equations | GP,"Here, we see ""Laplace Transform Partial Differential Equations Examples"". If, you have queries about ""How to solve the partial ...",,,0,"['Education', 'maths']",27.0,
4fBE3niMdho,Laplace transform of unit step function second problem(PART-2) by easy maths easy tricks,in this video explaining second problem of unit step function of Laplace transform. #easymathseasytricks LAPLACE TRANSFORM ...,,,0,"['Education', 'maths']",27.0,
6Z2r2om2CIM,Laplace Transform of piecewise function,Laplace Transform of piecewise function.,,,0,"['Education', 'maths']",27.0,
kum70H2NcqU,LAPLACE TRANSFORM | MATHEMATICS | LECTURE 05 | Effect of Division by t | PRADEEP GIRI SIR,LAPLACE TRANSFORM | MATHEMATICS | LECTURE 05 | Effect of Division by t | PRADEEP GIRI SIR #laplacetransform ...,,,0,"['Education', 'maths']",27.0,
vhfjEpQWWeE,Laplace transform of the dirac delta function | Laplace transform | Khan Academy,Figuring out the Laplace Transform of the Dirac Delta Function Watch the next lesson: ...,,,0,"['Education', 'maths']",27.0,
BmUNe-nG9Pk,btech maths m2 unit-3|Laplace transform first shifting theorem| prove Laplace transform #laplace,"all chapters unit-1,2, 3,4,5 https://www.youtube.com/playlist?list=PLA1HLruLdexR2-rYd0V2-xzu_AWI6zcJN unit-2 ...",,,0,"['Education', 'maths']",27.0,
gUxkDjL7Y0o,Laplace Transform,"Laplace transform is named in honor of the great French mathematician, Pierre Simon De Laplace (1749-1827). Like all ...",,,0,"['Education', 'maths']",27.0,
mS130mV9XeE,Inverse Laplace Transform Using Convolution Theorem-Laplace Transform,Inverse Laplace Transform Using Convolution Theorem in Tamil-Laplace Transform Engineering Mathematics 2 Regulation 2017 ...,,,0,"['Education', 'maths']",27.0,
Ks9PPZx4BdY,Evaluating Laplace Transform By Table Part 1 - Advanced Engineering Mathematics,This video is a lecture about the basic Laplace transform for some basic functions. Ten examples are solved in this video.,,,0,"['Education', 'maths']",27.0,
nlUG4OKN1IY,Using the Laplace transform to solve a nonhomogeneous eq | Laplace transform | Khan Academy,Solving a non-homogeneous differential equation using the Laplace Transform Watch the next lesson: ...,,,0,"['Education', 'maths']",27.0,
DQFaiC1x7a8,Laplace Transform Solution to a Feedback System,. Gives an example with an integrator in the forward path. Related videos: (see http://iaincollings.com) • Laplace Transform ...,,,0,"['Education', 'maths']",27.0,
clBDc8lXnhE,INVERSE LAPLACE TRANSFORM,This video provides solved problems of inverse Laplace transform. @profbarapatestutorials.,,,0,"['Education', 'maths']",27.0,
kbp9qWS-Bsk,❖ Laplace Transform to Solve a Differential Equation Part 1 of 2 ❖,"Solving a Differential Equation Using the Laplace Transform In this video, I demonstrate how to use the Laplace transform to solve ...",,,0,"['Education', 'maths']",27.0,
_Ovz4u8FL9k,"Laplace transform of f(t-a)u(t-a), the shifted unit step function","laplace transform of unit step function, Laplace transform of f(t-a)u(t-a), Laplace transform of the shifted unit step function, Laplace ...",,,0,"['Education', 'maths']",27.0,
o_j0aOOO_dM,Lec 1 | Formula | Laplace Transform | Mathematics 3 (M-3) RGPV B.Tech 2nd Year 3rd Sem for ME/EC/CE,Lec 1 | Formula | Laplace Transform | Mathematics 3 (M-3) RGPV B.Tech 2nd Year 3rd Sem for all ME/EC/CE In This video we will ...,,,0,"['Education', 'maths']",27.0,
9HSrMDocc0c,Inverse Laplace Transform Explained (Part-1),"In this video, how to find the Inverse Laplace Transform of the function using the Laplace Transform Conversion Table is ...",,,0,"['Education', 'maths']",27.0,
gMcs6RF_LrQ,L{sin(at)}) - transform of sin(at) | Laplace transform | Differential Equations | Khan Academy,Laplace Transform of sin(at) (part 1) Watch the next lesson: ...,,,0,"['Education', 'maths']",27.0,
n7wi-cWxTRo,Laplace Transform of the Periodic Waveform | Quiz # 471,"In this video, the Laplace Transform has been evaluated for the given periodic square wave. Here is the detail of the Quiz. Subject: ...",,,0,"['Education', 'maths']",27.0,
rD0s3H1vUT4,Inverse Laplace Transform | Problems | Meaning | Engineering Mathematics | in हिन्दी,meaning of inverse Laplace transform if explained with examples. inverse Laplace transformation problems #Maths2 ...,,,0,"['Education', 'maths']",27.0,
0BAU2VZwzr4,Diff Eqn: Solving nonhomogeneous IVP using Laplace transforms,,,,0,"['Education', 'maths']",27.0,
CoYNcY0Tp_4,Laplace Transform to Solve Differential Equations,Signal & System: Laplace Transform to Solve Differential Equations Topics discussed: Use of Laplace Transform in solving ...,,,0,"['Education', 'maths']",27.0,
P7rQBnCeXtI,LAPLACE TRANSFORM | ONE SHOT REVISION | ENGINEERING MATHS | GATE MATHS | SECOND YEAR ENGINEERING,"n mathematics, the Laplace transform, named after its inventor Pierre-Simon Laplace , is an integral transform that converts a ...",,,0,"['Education', 'maths']",27.0,
X5ZhbRjS0yE,Laplace & Inverse Laplace Transform - Second Shifting Theorem | GP Sir,Inverse Laplace Transform For Second Shifting Property in Hindi language. Online Mathematics Solutions For Laplace Transform ...,,,0,"['Education', 'maths']",27.0,
8ofZ6z4CMZI,Unit Step Function | Heaviside Function | Problems | Laplace Transform | Maths,Conver Piecewise Function to unit Step Function unit Step Function is explained with numericals. what is heaviside Function ...,,,0,"['Education', 'maths']",27.0,
SxEZBhTzYRE,Laplace Transform : Division by t property,Laplace Transform : Division by t based examples.,,,0,"['Education', 'maths']",27.0,
QyphvqsW5hE,RC Transient Response using Laplace Transform,RC Transient Response using Laplace Transform is explained with the following Timestamps: 0:00 - RC Transient Response ...,,,0,"['Education', 'maths']",27.0,
aaurfdKG-oE,Prerequisites for LTI Systems (Laplace Transform),Signal and System: Prerequisites for LTI Systems (Laplace Transform) Topics Discussed: 1. Use of Laplace Transform in LTI ...,,,0,"['Education', 'maths']",27.0,
eKKhDTc2qSc,Convolution Theorem | Problem 1 | Laplace Transform | Engineering Mathematics,convolution Theorem problem is calculated in simple way. #Maths2 #laplacetransformation @gautamvarde.,,,0,"['Education', 'maths']",27.0,
sbsXN7UAyiE,Laplace Transforms,Class - 1.,,,0,"['Education', 'maths']",27.0,
9ZVo781IhRc,Laplace Transform. Second Translation Theorem.,Learn about the second translation theorem and the inverse form of the second translation theorem. Video includes five examples.,,,0,"['Education', 'maths']",27.0,
_iOoaHlRFsw,Applied Mathematics-3 | Laplace Transformation and Inverse Laplace Transformation | polytechnic,laplace_transformations #polytechnic #bteup #LastMomentBatch #gtechpoly jis tarah se ap sabhi ne ab tak purane sabhi lectures ...,,,0,"['Education', 'maths']",27.0,
twNfbAPfWhQ,First Shifting Theorem of Laplace Transform & Examples,This lecture explains First Shifting Theorem of Laplace Transform. #laplace #mathematics Other videos @DrHarishGarg Laplace ...,,,0,"['Education', 'maths']",27.0,
h7fPKoGcUZE,Laplace Transform of a Piecewise Function,An example using the unit step function to find the Laplace transform of a piecewise-defined funciton.,,,0,"['Education', 'maths']",27.0,
RTaJeD3Auus,Unilateral Laplace Transform,Unilateral Laplace Transform Watch more videos at https://www.tutorialspoint.com/videotutorials/index.htm Lecture By: Ms.,,,0,"['Education', 'maths']",27.0,
RYEmqV5Nwlw,Laplace Transforms - Solving a Non-homogeneous DE (2),"Compare to Undetermined Coefficients which may have been more complicated due to guessing, then substituting the guess into ...",,,0,"['Education', 'maths']",27.0,
sdUoIa46WF0,Laplace transform: cos^2(at) and sin^2(at),Let us do some basics again :) We are going to need this great tool later :) Twitter: https://twitter.com/FlammableMaths Visit my ...,,,0,"['Education', 'maths']",27.0,
OSQpFTEt8Iw,Review of Laplace Transform (Part 4),Control Systems: The Time Differentiation Property of Laplace Transform Topics Discussed: 1. Time Differentiation property of ...,,,0,"['Education', 'maths']",27.0,
qEbrbm02S68,Properties of Laplace Transform (Part 1),Signal & System: Properties of Laplace Transform (Part 1) Topics discussed: 1. Linearity property of Laplace transform. 2. Proof of ...,,,0,"['Education', 'maths']",27.0,
sbHrlppxkSM,Inverse Laplace Transform,,,,0,"['Education', 'maths']",27.0,
VqHQjtTDXiQ,LAPLACE TRANSFORM OF RLC CIRCUIT | transient analysis using laplace transform,This video covers how to do transient analysis using laplace transform of RLC circuit. I have explained basics of laplace transfrom ...,,,0,"['Education', 'maths']",27.0,
XXHOUjG4k6E,LAPLACE TRANSFORM | MATHEMATICS | LECTURE 02 | Laplace transforms of standard functions,LAPLACE TRANSFORM | MATHEMATICS | LECTURE 02 | Laplace transforms of standard functions | Change of Seule Property ...,,,0,"['Education', 'maths']",27.0,
kd2GolaOvXc,Laplace Transform|One Shot|PYQ|DBATU Engineering Mathematics 3|Pradeep Giri Sir,Laplace Transform|One Shot|PYQ|DBATU Engineering Mathematics 3|Pradeep Giri Sir #engineeringmathematics #mathematics3 ...,,,0,"['Education', 'maths']",27.0,
4snzBywrY4E,Laplace transform: cosh(at) and sinh(at),Let us calculate the transformation of the hyperbolic sine and cosine! We are going to use a special trick to find the condition for it ...,,,0,"['Education', 'maths']",27.0,
THqzPHS8cDE,Application of Laplace Transformation in Differential equations,www.instagram.com/prof.anshuman Laplace Transformation Solution of differential equations Engineering Mathematics II ...,,,0,"['Education', 'maths']",27.0,
PBuY2ervj8Y,Laplace Transform of (e ^at - cosbt ) / t || Effect of division by t of Laplace Transform ||,Here we solved one example on effect of division by of t on Laplace Transform. #LaplaceTransform#Divisionbyt#Example ...,,,0,"['Education', 'maths']",27.0,
jfKTnTyd4ec,"Laplace Transform II Properties - Linearity, First & Second Shifting II Lecture 2 II Improved Series","Namaste to all Friends, This Video Lecture Series presented By VEDAM Institute of Mathematics. It is Useful to all students of ...",,,0,"['Education', 'maths']",27.0,
1j2jQ2PGc_s,LAPLACE TRANSFORM (SOLVED PROBLEMS),The numerical problems of the Laplace transform can be easily solved using properties and standard formulae. To learn the ...,,,0,"['Education', 'maths']",27.0,
8Lf8bXmJP0E,Find the Laplace Transform of cos(kt) using the Definition,In this video we compute the Laplace Transform of the function f(t) = cos(kt) Using the definition of the Laplace Transform.,,,0,"['Education', 'maths']",27.0,
YZ3WgPkfkiI,Laplace Transform of sin(at),Here we have find the Laplace Transform of sin(at) by using the definition of Laplace Transform.,,,0,"['Education', 'maths']",27.0,
9swlkM5oWy4,Laplace Transform of (1 - cos 2t ) / t || Example on effect of division by t || Laplace Transform,Here we solved one example on effect of division by of t on Laplace Transform. #LaplaceTransform#Divisionbyt#Example ...,,,0,"['Education', 'maths']",27.0,
urr12jID2mI,"Laplace Transform , Laplace Transform of the function: f(t)=1 , f(t)=t , f(t)=t^n , f(t)=e^(at)","Laplace_Transform #Laplace_Transform_of_f(t)=1 , #Laplace_Transform_of_f(t)=t , #Laplace_Transform_of_f(t)=t^n ...",,,0,"['Education', 'maths']",27.0,
kjKgY0DI2fE,Convolution of Functions and Laplace Transforms Examples,,,,0,"['Education', 'maths']",27.0,
iWvu4-OoqoY,Inverse Laplace Transform 05 – Partial Fraction Method with Examples,"Inverse Laplace Transform 05 – Partial Fraction Method with Examples In this Lecture, we with solve Inverse Laplace ...",,,0,"['Education', 'maths']",27.0,
Wa_ZQyX2uh8,Inverse Laplace Transform 04 – First Shifting Theorem with Examples | Completing the Square Method,"Inverse Laplace Transform 04 – First Shifting Theorem with Examples | Completing the Square Method In this Lecture, we with ...",,,0,"['Education', 'maths']",27.0,
KK-dGfgJYA4,Laplace & Inverse Laplace Transform - Division Property | By Gp Sir,"Division Property for Laplace & Inverse Laplace Transform in Hindi language. How to Find Laplace Transform of sint/t, f(t)/t.",,,0,"['Education', 'maths']",27.0,
qBEOyNx1GiM,Inverse Laplace Transform by Convolution Theorem for for finding (s+3)^2/(s^2+6s+5)^2,Here we have discussed Convolution Theorem for Inverse Laplace Transform for finding (s+3)^2/(s^2+6s+5)^2 Please Watch out ...,,,0,"['Education', 'maths']",27.0,
svtUa8-C8pM,Unit Step Function Laplace Transform - Part 1 | Engineering Mathematics,"In engineering mathematics, solving differential equations using Laplace transform can be challenging. However, the unit step ...",,,0,"['Education', 'maths']",27.0,
cL0VOrcse2E,Laplace Transform | Partial Differential Equation | Concept & Example by GP Sir,This video lecture on Laplace Transform | Partial Differential Equation | Concept & Example by GP Sir will help Engineering and ...,,,0,"['Education', 'maths']",27.0,
qmMPKu9dsYU,Laplace Transform of sin(2t),"Hey this is Snayga... I have explained how to find the Laplace transform of sin(2t). At 6:32, it would be putting t as infinity.",,,0,"['Education', 'maths']",27.0,
_o_jxgqu28c,LAPLACE TRANSFORM | MATHEMATICS | LECTURE 03 | First Shifting Theorem | PRADEEP GIRI SIR,LAPLACE TRANSFORM | MATHEMATICS | LECTURE 03 | First Shifting Theorem | All University | PRADEEP GIRI SIR ...,,,0,"['Education', 'maths']",27.0,
zAlfSE0Kvg4,PROPERTIES OF LAPLACE TRANSFORM,This video provides proof of Laplace transform properties. BASICS OF LAPLACE TRANSFORM https://youtu.be/gRQogrmvN60 ...,,,0,"['Education', 'maths']",27.0,
YtCiEEywalQ,How to solve system of Differential Equation using Laplace Transform,,,,0,"['Education', 'maths']",27.0,
s5KOAk_iCyA,Laplace Transform of cosh at sinat,Thanks. Happy Learning!,,,0,"['Education', 'maths']",27.0,
SCsFcaCUZjA,Laplace Transform of Basic Signals (Exponential Signals),Signal & System: Laplace Transform of Exponential Signals Topics discussed: 1. Laplace transform and ROC of e^-at[u(t)]. 2.,,,0,"['Education', 'maths']",27.0,
3oTsZwaLjE8,"Laplace Transform Properties (Part - 1) | Scaling, Time Shifting, Frequency Shifting Properties","In this video, some useful properties of the Lapalce transform such as Scaling, Time shifting, Frequency Shifting, Linearity, and the ...",,,0,"['Education', 'maths']",27.0,
zIzufk0s_Ec,Laplace Transforms |GYMAT101 Group B&C|KTU S1 module3 2024 scheme maths|MAT102 S2 Module 4| Part 1,KTU 2024 Scheme Semester 1 Module 2 GYMAT101 (Group B &C) Mathematics for Electrical Science & Physical Science -1 ...,,,0,"['Education', 'maths']",27.0,
s5ZQWciJbCk,INVERSE LAPLACE TRANSFORM IN HINDI LECTURE 24 STUDY OF SOLVED PROBLEM 22,INVERSE LAPLACE TRANSFORM IN HINDI LECTURE 24 STUDY OF SOLVED PROBLEM 22. INVERSE LAPLACE ...,,,0,"['Education', 'maths']",27.0,
eBvZ5Hm7cIU,Examples of inverse laplace transform by partial fraction method bsc maths / be maths,SwatiThengMathematics subscribe channel https://www.youtube.com/c/SwatiThengMathematics Laplace Transforms ...,,,0,"['Education', 'maths']",27.0,
6X_bh-hRgpw,Laplace Transform of Periodic Function Explained (with Examples),"In this video, how to find the Laplace Transform of the Periodic function is explained with three examples (Half wave and Full wave ...",,,0,"['Education', 'maths']",27.0,
1AhdTdNTkLA,Laplace & Inverse Laplace Transform - Multiplication Property | Gp Sir,Multiplication Property for Laplace & Inverse Laplace Transform in Hindi language. #LaplaceTransformation ...,,,0,"['Education', 'maths']",27.0,
aeS3X_EsL4c,First Shifting Theorem | S-shifting | Problems | Laplace Transform | Engineering Mathematics,first shifting theorem is explained with numericals. what is S sifting theorem. Laplace transformation by first shifting theorem.,,,0,"['Education', 'maths']",27.0,
omrlKYCM0Xs,Laplace Transform #11 (V.Imp.) | Proof of First Shifting Property | Multiply with e^at,Best & Easiest Videos Lectures covering all Most Important Questions on Engineering Mathematics for 50+ Universities Download ...,,,0,"['Education', 'maths']",27.0,
f7IQqZ9zBiY,Laplace Transform - First Shifting Theorem with Example | By GP Sir,First Shifting Theorem of Inverse Laplace Transform in hindi with example #LaplaceTransform #FirstShifting #Mathematics #GATE ...,,,0,"['Education', 'maths']",27.0,
Mt0efPzp2f0,Laplace transform in sinhala - Lesson 1 #1,Laplace Transform සිංහලෙන් පාඩම් මාලාවේ පළමුවැනි වීඩියෝව. එම පාඩම් සඳහා link ...,,,0,"['Education', 'maths']",27.0,
rUYU1hSAFDA,Definition and Formulae of Inverse Laplace Transform - Engineering Mathematics 3,Subject - Engineering Mathematics 3 Video Name - Definition and Formulae of Inverse Laplace Transform Chapter - Inverse ...,,,0,"['Education', 'maths']",27.0,
bW-Z-iLHz4w,LAPLACE TRANSFORM IN HINDI IN ENGINEERING MATHS LECTURE 2 @TIKLESACADEMY,Visit My Other Channels : @TIKLESACADEMY @TIKLESACADEMYOFMATHS @TIKLESACADEMYOFEDUCATION THIS IS THE ...,,,0,"['Education', 'maths']",27.0,
I1svK4H6vrk,Laplace Transform | Convolution Theorem | Concept & Example by GP Sir,This video lecture on Laplace Transform | Convolution Theorem | Concept & Example by GP Sir will help Engineering and Basic ...,,,0,"['Education', 'maths']",27.0,
2JPT6W0vVxU,Question#3 - Laplace Transform - Application to Ordinary Differential Equation.,"In this video, you will learn the concept on Application of Laplace Transform to Solve Ordinary Differential Equation (Initial ...",,,0,"['Education', 'maths']",27.0,
0md8u6zXn8A,LAPLACE TRANSFORM OF PERIODIC FUNCTION,PeriodicFunction #LaplaceTransform #1stYearEngineeringMaths #ThinkMastermind LAPLACE TRANSFORM OF PERIODIC ...,,,0,"['Education', 'maths']",27.0,
lA4eGxRcHng,Laplace Transform | Remedial Mathematics | Part 1| #barunmaths #pharmd,LaplaceTransform #basicconcept #formula #importantproblems #RemedialMathematics #barunmaths #bpharmacy #pharmd ...,,,0,"['Education', 'maths']",27.0,
rlesPBN6Whw,How to find Laplace Transform using MATLAB,A tutorial on how to find Laplace transform using MATLAB. In this video I have shown how to find Laplace transform in MATLAB by ...,,,0,"['Education', 'maths']",27.0,
nra1yvVlZwA,"Laplace Transformation, Differentialgleichung lösen, Beispiel, Unimathematik, Mathe by Daniel Jung","Laplace Transformation, Differentialgleichung lösen, Beispiel, Unimathematik online. Exklusive Nachhilfe Angebote: Jetzt das ...",,,0,"['Education', 'maths']",27.0,
zcKCoglz9ls,Inverse Laplace Transform using Partial Fraction Expansion (Part-2),"In this video, how to find the Inverse Laplace Transform using the Partial Fraction Expansion method is explained through various ...",,,0,"['Education', 'maths']",27.0,
CkUECzVOxZI,Laplace Transform - Application in Solution of ordinary Differential equation in Hindi,"This video lecture "" Application of Laplace Transform-Solution of Differential equation in Hindi "" will help Engineering and Basic ...",,,0,"['Education', 'maths']",27.0,
5IXi3xMkhwU,"Laplace Transform - Definition, Existence Condition and LT of basic functions","[Maths - 2 , First yr Playlist] https://www.youtube.com/playlist?list=PL5fCG6TOVhr4k0BJjVZLjHn2fxLd6f19j Unit 1 – Partial ...",,,0,"['Education', 'maths']",27.0,
DW1vHMaVl7E,Introduction to Laplace Transform (Tagalog/Filipino Math),Hi guys! This videos discusses the introduction to Laplace Transform. Laplace Transform is used to transform a time domain ...,,,0,"['Education', 'maths']",27.0,
KaRx67h5xzk,Laplace Transform | Solution of Ordinary Differential Equation | Concept & Example by GP Sir,This video lecture on Laplace Transform | Ordinary Differential Equation | Concept & Example by GP Sir will help Engineering and ...,,,0,"['Education', 'maths']",27.0,
pJYoGL9hMlM,Region of Convergence in Laplace Transform & It's Properties,Region of Convergence in Laplace Transform & It's Properties Watch more videos at ...,,,0,"['Education', 'maths']",27.0,
tKIToK444R0,Spiraling into the Laplace Transform,Discord: https://discord.gg/thedream.,,,0,"['Education', 'maths']",27.0,
ISh_F_mhvoQ,#MA3452- Nov_Dec 23 - Laplace Transform of Periodic function - Problem 2,"MA3151, Matrices and Calculus - QP Code - 41520 Anna University Question Paper JAN 22. https://youtu.be/RDyLrYo8U-Q ...",,,0,"['Education', 'maths']",27.0,
Pp6IMbFxpC0,31. Convolution Theorem | Complete Concept and Problem#1 | Inverse Laplace Transform,"Get complete concept after watching this video Topics covered under playlist of Laplace Transform: Definition, Transform of ...",,,0,"['Education', 'maths']",27.0,
xqLoDNS2gxc,38. Laplace Transform of Periodic Functions | Complete Concept and Problem#2 | Most Important,"Get complete concept after watching this video Topics covered under playlist of Laplace Transform: Definition, Transform of ...",,,0,"['Education', 'maths']",27.0,
a6DU7XQ69YM,Lakshya Batch 2.0 - Control Systems | Basics of Laplace Transform | Part-01 | Ankit Goyal | GATE,1000 Top Rankers Will Have Their GATE 2024 Exam Registration Fees Refunded by Unacademy and a chance to win exciting ...,,,0,"['Education', 'maths']",27.0,
u0yvNmYuHzY,Basics of Laplace Transform and Use in Control systems (Hindi),"Laplace Transform and Inverse Laplace Transform in Hindi, Uses of Laplace Transform in Control system. Join our Telegram ...",,,0,"['Education', 'maths']",27.0,
5GmqZJrbkXU,Problem Based on ROC of Laplace Transform | Laplace Transform in Signals and Systems | Problem 1,Discover the essence of Laplace Transform in Signals and Systems with this illustrative problem-solving video! Dive into Problem ...,,,0,"['Education', 'maths']",27.0,
lP02osStvWU,Btech Laplace transforms|btech m2 unit-3 basic formulas and tricks,https://youtube.com/playlist?list=PLA1HLruLdexTlW6G2flgSbZldjZnM0qab&si=MK2W5jiPuva53WNz ...,,,0,"['Education', 'maths']",27.0,
KM1KcKKnbKk,Part 1 - Inverse Laplace Transform | Based on Shifting 1st Theorem,This lecture explains the inverse Laplace transform.#laplacetransform #shiftingtheorem #laplace Other videos @DrHarishGarg ...,,,0,"['Education', 'maths']",27.0,
4qfdCwys2ew,Dirac delta function | Laplace transform | Differential Equations | Khan Academy,Introduction to the Dirac Delta Function Watch the next lesson: ...,,,0,"['Education', 'maths']",27.0,
yLmveB0zRPs,Laplace transform of given waveform,Waveform synthesis.,,,0,"['Education', 'maths']",27.0,
tSz6O931Sj4,Inverse Laplace Transform Using The Residue Theorem,"Today, we show that the inverse Laplace transform can be calculated by finding the residues of a function. Proof of integral over ...",,,0,"['Education', 'maths']",27.0,
kk9uN4Sfyqw,"laplace transform of t.cosat, laplace of t.cosat, laplace transform",laplaceotcosat #laplacetransformation. #laplacetransformofsintcost. #laplacetransformofe^-at. #laplacetransformationsint.,,,0,"['Education', 'maths']",27.0,
zV03wkG2niU,Laplace Transforms Division by t in Telugu-9,Division by t Rule.,,,0,"['Education', 'maths']",27.0,
bGDUQHUIGCI,Laplace Transform. First Translation Theorem.,Learn about the first translation theorem and inverse form of the first translation theorem. Video includes examples.,,,0,"['Education', 'maths']",27.0,
6D3l1_psi_8,Laplace Transform of Periodic Function In Hindi,"This video lecture "" Laplace Transform of Periodic Function in Hindi "" will help Engineering and Basic Science students to ...",,,0,"['Education', 'maths']",27.0,
aS5DTRuwg78,Ordinary Differential Equations with Constant Coefficients By Laplace Transform | Linear ODEs |Maths,problem on ordinary differential equations with constant coefficient is calculated by using Laplace transform. linear odes with ...,,,0,"['Education', 'maths']",27.0,
R1vg48m1gBg,INVERSE LAPLACE TRANSFORM|MATHEMATICS|LECTURE 03| Convolution Theorem | PRADEEP GIRI SIR,INVERSE LAPLACE TRANSFORM|MATHEMATICS|LECTURE 03| Convolution Theorem | PRADEEP GIRI SIR #engineering ...,,,0,"['Education', 'maths']",27.0,
HJtuLoD6XCU,The First Translation Theorem for Laplace Transforms,"Please Subscribe here, thank you!!! https://goo.gl/JQ8Nys The First Translation Theorem for Laplace Transforms.",,,0,"['Education', 'maths']",27.0,
NCYj1lnst5M,Laplace transform In Hindi | Inverse Laplace transform | BSc | IIT jam | gate | NET |,Laplace transform In Hindi | Inverse Laplace transform | | BSc | IIT jam | gate | NET | Time Stamps: 0:00 Introduction 2:20 ...,,,0,"['Education', 'maths']",27.0,
WDZVUtbax2E,How to find solution of PDEs using Laplace Transform,Lec-9 @UniversityMathematics.,,,0,"['Education', 'maths']",27.0,
28cPmo8Mggo,Laplace Transform of Integrals|GYMAT101 Group B&C|S1 module3 2024 scheme |MAT102 S2 Module 4| Part6,KTU 2024 Scheme Semester 1 Module 2 GYMAT101 (Group B &C) Mathematics for Electrical Science & Physical Science -1 ...,,,0,"['Education', 'maths']",27.0,
1hk8LT3U2cU,Part 3 - Inverse Laplace Transform | Based on Division by s Rule,"This lecture explains the inverse Laplace transform based on division by ""s"" rule. #laplacetransform #shiftingtheorem #laplace ...",,,0,"['Education', 'maths']",27.0,
PEQeMIDr1tM,Laplace Transforms 9: Introduction to the Heaviside (unit step) function,"(Video 9 of several) We continue exploring the Laplace transform by introducing the Heaviside function, also known as the unit ...",,,0,"['Education', 'maths']",27.0,
JCVTLRvMCPI,Laplace Transform of Unit Step Function in hindi,"This video is useful for students of BTech/BE/Engineering/ BSc/MSc Mathematics students. Also for students preparing IIT-JAM, ...",,,0,"['Education', 'maths']",27.0,
8v9oxlcOztE,Laplace Transform Electric Circuit Example,Shows an example of using the Laplace Transform to analyse a basic electric circuit. * Note that I made a small typo in the video.,,,0,"['Education', 'maths']",27.0,
fRJmY8UxOsA,Laplace Transform of given waveform,,,,0,"['Education', 'maths']",27.0,
punrVYIOzWQ,Integration Of Laplace Transforms | Problem 1 | Laplace Transform | Engineering Mathematics,problem on Integration of Laplace transform is calculated #Maths2 #laplace_transformations @gautamvarde.,,,0,"['Education', 'maths']",27.0,
97g4uToy1NI,6. Laplace Transforms | Division by 't' | Problem#3 | Complete Concept,"Get complete concept after watching this video Topics covered under playlist of Laplace Transform: Definition, Transform of ...",,,0,"['Education', 'maths']",27.0,
eAhMXGAR450,Laplace Transform and Block Diagrams: Fundamentals,"Describing the basic elements for a block diagram in frequency using the Laplace transform: adders, scalers (gain), and ...",,,0,"['Education', 'maths']",27.0,
_KwAE2ODrpU,6. Properties of Laplace Transform | Most Important | Must Watch,"Get complete concept after watching this video Topics covered under playlist of Laplace Transform: Definition, Transform of ...",,,0,"['Education', 'maths']",27.0,
9mvg2KkK67I,Dirac Delta Laplace Transform,"Dirac Delta Laplace Transform We calculate the Laplace transform of the Dirac Delta functional. The answer is really surprising, ...",,,0,"['Education', 'maths']",27.0,
x0immuqFTwM,find L(e^2t+4t^3-2sin3t+3cos3t)|laplace transformations,find L(e^2t+4t^3-2sin3t+3cos3t)|laplace transformations Follow me on Instagram •https://www.instagram.com/sk.md021/ Follow ...,,,0,"['Education', 'maths']",27.0,
kWjUAULUMS4,Laplace Transform - Concept of Inverse Laplace Transform & Basic Formula (Lecture8) Improved Series,"Namaste to all Friends, This Video Lecture Series presented By VEDAM Institute of Mathematics. It is Useful to all students of ...",,,0,"['Education', 'maths']",27.0,
2b4d-PCGOrM,Laplace Transform//Convolution Theorem,00:00 Intro 00:44 Example1 09:43 Example2 13:09 Example3 16:41 Example4.,,,0,"['Education', 'maths']",27.0,
cQooL3KMwPI,10_ Laplace Transform of Heaviside Unit Step Function,LaplaceTransform_HeavisideUnitStepFunction #HeavisideUnitStepFunction #LaplaceTransform #EngineeringMathematics ...,,,0,"['Education', 'maths']",27.0,
lwQk2PVrpW4,Periodic Functions - Part 1 | Laplace Transforms | Engineering Mathematics,"Periodic functions can be challenging to solve using traditional methods, but with Laplace transform, the process can be simplified ...",,,0,"['Education', 'maths']",27.0,
5AUhz9ZJPIA,LAPLACE TRANSFORM ONE SHOT | ONE SHOT REVISION LAPLACE TRANSFORM | B.SC | M. SC | B.TECH,LAPLACE TRANSFROM ONE SHOT REVISION B.SC | M.SC | B.TECH ENGINEERING MATHEMATICS-2 (UNIT-2) ONE SHOT ...,,,0,"['Education', 'maths']",27.0,
D7CFBy10Rcg,Laplace Transform of Periodic Function | Problem | Engineering Mathematics,Laplace transform of Periodic Function is explained with numerical. Laplace transform of square periodic Function. Laplace ...,,,0,"['Education', 'maths']",27.0,
Eed3qlHehs0,LAPLACE TRANSFORM| Part 04 | First Shifting Theorem|Engineering Mathematics |Malayalam | KTU,Laplace Transform Playlist: https://youtube.com/playlist?list=PL_JdmLT0HV-Xaxl_462x7AN7y69XN_hw1.,,,0,"['Education', 'maths']",27.0,
E7u40_jiTfk,Applications of Laplace Transforms | Differential Equations part-1| Degree Maths | BTech Maths,This video usefull for III year Bsc Mathematics Students and II Year BSc Mathematics students as well as BTech students and PG ...,,,0,"['Education', 'maths']",27.0,
DQgb2CubH-I,Laplace Transforms | Laplace Transform of Integrals | #11 | In Tamil,In this video I have explained the laplace transform of integrals Laplace Transforms Links: Laplace Transforms | Definition and ...,,,0,"['Education', 'maths']",27.0,
ABPEpLO_X18,"Laplace Transformations Part I(Introduction,Laplace transform of 1)-සිංහලෙන්",This is a educational video about Laplace transformation.In this video you can get a introduction about Laplace transformation ...,,,0,"['Education', 'maths']",27.0,
KaaMqag7h_M,12_ Laplace Transform of Dirac Delta Function,This video explains laplace transform of Dirac delta function. #LaplaceTranform_DiracDeltaFunction #LaplaceTransform ...,,,0,"['Education', 'maths']",27.0,
sBZpffTA9U4,Engineering Mathematics-2 Laplace Transform - First Shifting Theorem with Proof [WELCOME ENGINEERS],"In this video , we are going to solve the laplace transform problem. To see more, Please SUBSCRIBE our channel. Like,Share & ...",,,0,"['Education', 'maths']",27.0,
MGMNFA6QSn0,"Laplace transform of t^2 cosat, Laplace transform",laplaceot^2cosat #laplacetransformation. #laplacetransformofsintcost. #laplacetransformofe^-at. #laplacetransformationsint.,,,0,"['Education', 'maths']",27.0,
K4K8KzNIZQ8,Laplace Transform and Fourier Transform: Basics and How They Relate,"Laplace Transform and Fourier Transform is covered by the following Outlines: 0. Laplace transform, Fourier Transform 1. Basics ...",,,0,"['Education', 'maths']",27.0,
VVSkGZmud1o,Relation Between Laplace Transform and Z-Transform | Z-Transform | Signals and Systems,Unravel the deep connection between Laplace Transform and Z-Transform in the realm of Signals and Systems! Delve into this ...,,,0,"['Education', 'maths']",27.0,
H-05EYOxL58,Laplace Transform of cos root t by root t//GBK maths//Mathematics//Gate//M1//NET//SET//B.Sc //M2//,"Laplace Transform of cos root t by root t//GBK maths//Mathematics//Gate//M1//NET//SET//B.Sc //M2//Mathematics,Mathematics- ...",,,0,"['Education', 'maths']",27.0,
6T9P8ghbL3E,Laplace Transform \ Formula and concept \ Laplace transform Bsc 2nd year Maths \ Hindi \ L-1,Laplace Transform \ Formula and concept \ Laplace transform Bsc 2nd year Maths \ Laplace transform bsc second year \ Hindi ...,,,0,"['Education', 'maths']",27.0,
QRLb7jTFCWk,Laplace transform for differential equation and impulse response,,,,0,"['Education', 'maths']",27.0,
bTsZO1W-dVE,8. Laplace Transforms | Multiplication by t^n | Problem#5 | Complete Concept,"Get complete concept after watching this video Topics covered under playlist of Laplace Transform: Definition, Transform of ...",,,0,"['Education', 'maths']",27.0,
3BX-_AK0iSg,"Region of Convergence (ROC) Explained: Basics, Properties and Examples in Laplace Transform",Region of Convergence (ROC) is covered by the following Outlines: 0. Region of convergence ROC 1. Basics of Region of ...,,,0,"['Education', 'maths']",27.0,
TCJnY71giws,UG Allied mathematics II Solving Differential equations by Laplace transform,This video contains UG Allied mathematics II Solving Differential equations by Laplace transform | Madras University Allied ...,,,0,"['Education', 'maths']",27.0,
QCOcpvHCwAk,Multiplication by t^n of laplace transform | B.tech | M1 | JNTU | engineering mathematics 1,Engineering mathematics 1 presents problems on Multiplication by t^n of Laplace transforms. In this video we show the ...,,,0,"['Education', 'maths']",27.0,
dYA0zMiFayc,Laplace transform of sin at and cos at | Examples| Laplace transform of trigonometry functions|Lec-4,mathematics #Laplace transform of sin{at} and cos{at} #Laplace transform of sin at #Laplace transform of cos at #Laplace ...,,,0,"['Education', 'maths']",27.0,
pcDWQZkUuAQ,Heaviside Function | Laplace | Laplace transform,This video is about Laplace transformation of special type of function known as heaviside Function.,,,0,"['Education', 'maths']",27.0,
WbebNTFCsCc,Laplace Transform & Fourier Transform: Comparison and Relationship,Laplace Transform & Fourier Transform are covered by the following Timestamps: 0:00 - Laplace Transform & Fourier Transform ...,,,0,"['Education', 'maths']",27.0,
xH3MFkLJA08,Laplace Transform II Properties - Derivative & Integral Property (Lecture 4) Improved Series,"Namaste to all Friends, This Video Lecture Series presented By VEDAM Institute of Mathematics. It is Useful to all students of ...",,,0,"['Education', 'maths']",27.0,
WsZr23eZAFc,Laplace Transform Important question solved in 3 minutes 🔥🔥,"Laplace Transform Important question solved in 3 minutes #vtu #engineering #laplace_transformations Your Queries, ...",,,0,"['Education', 'maths']",27.0,
BTT0DjExBHw,Laplace Transform of Periodic Function | Problem | Periodic Function Laplace Transform | Example,ENGINEERING MATHEMATICS-2 (BAS203) UNIT-2 LAPLACE TRANSFORM LECTURE CONTENT: LAPLACE TRANSFORM ...,,,0,"['Education', 'maths']",27.0,
_7ICtZQYYFw,Laplace transform of unit step function fourth problem(PART-4) by easy maths easy tricks,In this video explaining fourth problem of Unit step function. This is very simple method. #easymathseasytricks LAPLACE ...,,,0,"['Education', 'maths']",27.0,
-OAAfaffY-c,สูตรโกงฟิสิกส์ ที่คุณคู่ควร | Laplace Transform explained,#คณิตศาสตร์ #ฟิสิกส์ #laplace #mlhf ตอนที่เรานั่งอยู่บนรถ แล้วรถเราวิ่งผ่านลูกระนาดเนี่ย ตัวรถมันก็จะเด้งขึ้นเด้ง.,,,0,"['Education', 'maths']",27.0,
ZXU6rKagW1M,33. Application of Laplace Transform | Complete Concept and Problem#1 | Most Important Problem,"Get complete concept after watching this video Topics covered under playlist of Laplace Transform: Definition, Transform of ...",,,0,"['Education', 'maths']",27.0,
2yegKKVB-hk,Obtain Laplace transform of Triangular waveform,,,,0,"['Education', 'maths']",27.0,
DpIqEj4OxdQ,Example of Inverse Laplace's Transform for repeated poles using residual method,"In this captivating video, we delve into the fascinating world of repeated poles and their solution using the residual method.",,,0,"['Education', 'maths']",27.0,
7dkfCGZPRr8,Transformée de Laplace de 1,Vidéo sous licence CC-BY-SA.,,,0,"['Education', 'maths']",27.0,
GMjnMaA06sU,Integral Equation - Solution Of Volterra Integral Equation by Laplace Transform | by GP Sir,This video lecture on Integral Equation - Solution Of Volterra Integral Equation by Laplace Transform by GP Sir will help ...,,,0,"['Education', 'maths']",27.0,
j7iGIR79qTM,Find the Laplace Transform of periodic triangular wave shown below.,Network Analysis BEC 304 Jan 2024 VTU QP.,,,0,"['Education', 'maths']",27.0,
pa-zfFavKnU,"Laplace Transform BSc math, Chapter 11, Mathematical Method by SM Yusuf","LaplaceTransform, #BScMath, #MathematicalMethod, #SMYusuf In this video I explained What is #Laplace #Transform? What is ...",,,0,"['Education', 'maths']",27.0,
FSfc2DjLpMo,مراجعة Laplace Transformation - Math 3 - كلية الهندسة,مراجعة Laplace Transformation - Math 3 - كلية الهندسة مراجعة قبل الإمتحان لطلبة السنة الأولى بالتخصص فى كليات الهندسة المهندس/أحمد ...,,,0,"['Education', 'maths']",27.0,
A3mtklyrXrA,"Laplace Transform Exercise 11.1 Q No 1-14 Lec 05 , BSc math, Cha 11, Mathematical Method by SM Yusuf","LaplaceTransform, #BScMath, #MathematicalMethod, #SMYusuf In this video I solved first 14 questions of the Exercise No 11.1.",,,0,"['Education', 'maths']",27.0,
8okpx23VKX0,Laplace Transform Example: Block Diagram to Differential Equation,"Step by step example on solving for the differential equation implemented by a block diagram, with a detour to find the system ...",,,0,"['Education', 'maths']",27.0,
RgqZKphyy4k,First and second shifting theorem of laplace transform with proof in hindi,laplace_transform#shiftingtheorem.,,,0,"['Education', 'maths']",27.0,
gzpJxPhMbQw,Initial Value And Final Value Theorem of Laplace Transform | Signals and Systems Problem 04,Learn the essence of Laplace Transform's Initial Value and Final Value Theorems in this Signals and Systems tutorial. Problem 04 ...,,,0,"['Education', 'maths']",27.0,
XwQH2xyUO3k,Solution of Ordinary Differential Equation by Laplace Transform | Application of Laplace Transform,ENGINEERING MATHEMATICS-2 (BAS203) UNIT-2 LAPLACE TRANSFORM LECTURE CONTENT: APPLICATIONS OF ...,,,0,"['Education', 'maths']",27.0,
h5dVk51y0kg,Laplace Transform of 1 | Laplace Transform | Engineering Mathematics | in हिन्दी,property of Laplace transform is explained. what is Laplace transform of 1 LT of 1 #Maths #laplace_transformations ...,,,0,"['Education', 'maths']",27.0,
mO-gbhKP_5w,Obtain Laplace Transform of the square periodic wave shown below.,Network Analysis BEC 304 Jan 2024 VTU QP.,,,0,"['Education', 'maths']",27.0,
hnN1XRjtTOU,Laplace transform circuit analysis - RLC circuit with switch,Circuit with switch. Calculate initial condition when t is less than 0.,,,0,"['Education', 'maths']",27.0,
OC4HKs4QyMY,LAPLACE TRANSFORM IN HINDI IN ENGINEERING MATHS LECTURE 3 @TIKLESACADEMY,Visit My Other Channels : @TIKLESACADEMY @TIKLESACADEMYOFMATHS @TIKLESACADEMYOFEDUCATION THIS IS THE ...,,,0,"['Education', 'maths']",27.0,
2s15gX4ia7k,Proof of convolution Theorem bsc maths || Inverse Laplace Transform Engineering mathematics,SwatiThengMathematics subscribe channel https://www.youtube.com/c/SwatiThengMathematics Multiple Integral ...,,,0,"['Education', 'maths']",27.0,
Y5Vx1LtMJqE,Second shifting property of Laplace transform /in Telugu/network analysis/diploma/pls subscribe,Second shifting property of Laplace transform /in Telugu/network analysis/diploma/pls subscribe.,,,0,"['Education', 'maths']",27.0,
MM3vi7mQ60U,Laplace Transform | Periodic Function | Concept & Example by GP Sir,This video lecture on Laplace Transform | Periodic Function | Concept & Example by GP Sir will help Engineering and Basic ...,,,0,"['Education', 'maths']",27.0,
QmVj7ILvaZs,Laplace transform: e^at and e^-at,Let's evaluate the laplace transform of a time dependent exponential function! A real constant a is involved :) Help me create more ...,,,0,"['Education', 'maths']",27.0,
CGQFEUlzy3c,INTRODUCTION TO LAPLACE TRANSFORMS (KENYA NATIONAL EXAMINATION COUNCIL-KNEC),For online career guidance sessions and mathematic tutoring through google meet or zoom via webcam email: ...,,,0,"['Education', 'maths']",27.0,
XmjSQdak_lY,LAPLACE TRANSFORM LECTURE 11 IN HINDI (PERIODIC FUNCTION PROPERTY OF LAPLACE TRANSFORM),THIS IS THE 11TH LECTURE ON LAPLACE TRANSFORM. TODAY WE WILL STUDY LAPLACE PROPERTY NO.7 (PERIODIC ...,,,0,"['Education', 'maths']",27.0,
jqHHvS_auH0,Convolution Theorem Laplace Transforms | Convolution Theorem Examples | Inverse Laplace Transform,ENGINEERING MATHEMATICS-2 (BAS203) UNIT-2 LAPLACE TRANSFORM LECTURE CONTENT: INVERSE LAPLACE ...,,,0,"['Education', 'maths']",27.0,
oxsAoG3CaHU,Madras University Allied Mathematics II Unit 3 Laplace and Inverse Transform Important formulas,This video contains Madras University Allied Mathematics-II SBAMN Unit-3 Laplace and Inverse Transform Important formulas ...,,,0,"['Education', 'maths']",27.0,
