id,title,description,channel_name,channel_id,tags,topic_categories,,distracting
utTEo3mEUII,,,,,,,,0
aYuUwyZl_WY,,,,,,,,0
W81fUnn2m0Q,,,,,,,,0
PG6Lxp6OsDA,,,,,,,,0
2dvMH5Pmj3Y,,,,,,,,0
xQ_LFTPh1uA,,,,,,,,0
4b4MUYve_U8,,,,,,,,0
gKiVk0HYWJA,,,,,,,,0
y7oko8Q-l8s,,,,,,,,0
XwCq0OH1Tcg,,,,,,,,0
JUeWDCuHN-U,,,,,,,,0
eYgPJ_7BkEw,,,,,,,,0
0zu4rQwBvfs,,,,,,,,0
ZZgvklkQrss,,,,,,,,0
aGe30NTVDOk,,,,,,,,0
mivtzPgaul8,,,,,,,,0
eYfozdnWEH0,,,,,,,,0
s25OyxtqSQQ,,,,,,,,0
li1Y7Rnvarc,,,,,,,,0
vQsCt-PD-Hc,,,,,,,,0
2eU_8ExBzDw,,,,,,,,0
Ck5bShcRFwk,,,,,,,,0
gG6Vjvy36VI,,,,,,,,0
kgn0LAiR2c4,,,,,,,,0
rQjTaCg6V8E,,,,,,,,0
2F0Nz3m-h1g,,,,,,,,0
FncazQA7jQ0,,,,,,,,0
AzblgZNoBWw,,,,,,,,0
pk6Sl52c9x4,,,,,,,,0
EthRahJIUhE,,,,,,,,0
ItcyB3OVtG4,,,,,,,,0
DvwwI4Rs4Ok,,,,,,,,0
xFOS5CHB1R8,,,,,,,,0
5l-dpBj2YqA,,,,,,,,0
34K3U7iHbps,,,,,,,,0
etjLLD2yxkM,,,,,,,,0
c0u5TSd8Nx4,,,,,,,,0
_7dSORIt8Iw,,,,,,,,0
5ruitP0dYRE,,,,,,,,0
9EApMZvO5ec,,,,,,,,0
7M52ensBFxM,,,,,,,,0
SGzMElJ11Cc,,,,,,,,0
AV7T9Gm8Cy0,,,,,,,,0
PLYSR9w-Odo,,,,,,,,0
F587JTsVqa8,,,,,,,,0
MxJFDYWVr_E,,,,,,,,0
B68VV8ewsk4,,,,,,,,0
wgdjIdJLeNk,,,,,,,,0
KIZz5J6kYS4,,,,,,,,0
UGPT64wo7lU,,,,,,,,0
AzblgZNoBWw,,,,,,,,0
nMisOlbZp8I,,,,,,,,0
tYQb0fsI8bE,,,,,,,,0
6fiLclsS8So,,,,,,,,0
71KKyAhlwy4,,,,,,,,0
WDhSyTG41KE,,,,,,,,0
soV0_Cy50Z4,,,,,,,,0
YPfUiOMYOEE,,,,,,,,0
4Ort_bdTQlk,,,,,,,,0
qJ3GpmDEwM8,,,,,,,,0
z57XZZwNwFI,,,,,,,,0
_L0Uc40n0cE,,,,,,,,0
AzbEGODDwW0,,,,,,,,0
bfbTJAPJ8eI,,,,,,,,0
madu00JjJO4,,,,,,,,0
tWicqYAp_O0,,,,,,,,0
n5PdM5UPw_g,,,,,,,,0
bT5T6GVf1is,,,,,,,,0
RukfMj7ktxw,,,,,,,,0
6N3OAWIsUOU,,,,,,,,0
vuG6fP9SA1c,,,,,,,,0
vkqeVWzMDHc,,,,,,,,0
nk_W_SceKzk,,,,,,,,0
bIjEmd0kGN8,,,,,,,,0
AeKIG6BOSSg,,,,,,,,0
XS9EbvXqOwg,,,,,,,,0
MrLPzBxG95I,,,,,,,,0
hIAIjEAIGyU,,,,,,,,0
xBrBlkQvvmE,,,,,,,,0
vICrdSUS9vg,,,,,,,,0
SEXNTWijZ88,,,,,,,,0
J3Zvrme_tI4,,,,,,,,0
1caj2V7E31w,,,,,,,,0
U3SfXcPqeTo,,,,,,,,0
qOssVBLwQjM,,,,,,,,0
jfSuQCs3bSs,,,,,,,,0
R46XvFLJ5ZM,,,,,,,,0
yT03ouRplnY,,,,,,,,0
TPr3gPb3WuI,,,,,,,,0
O5xGrO7Otjc,,,,,,,,0
MDdC3TlT-YQ,,,,,,,,0
1wHN6F3MJOI,,,,,,,,0
JQt-BlYcEbY,,,,,,,,0
q115i8E6cr0,,,,,,,,0
r3llG515Ygo,,,,,,,,0
JU7pT7efEzQ,,,,,,,,0
U-2TWyp5tbs,,,,,,,,0
8STUGBIO_Y4,,,,,,,,0
W4ld6Aw0RFc,,,,,,,,0
_Trz6sLulS8,,,,,,,,0
8-X-i6ffCBs,,,,,,,,0
fNteE4-TM1c,,,,,,,,0
7I0Qt7GALVk,,,,,,,,0
Dnx7u6KXSCk,,,,,,,,0
Q0e6jX8ItGU,,,,,,,,0
3EiOelSqWlo,,,,,,,,0
D9-UGlvWbaA,,,,,,,,0
fapRpXIBTFw,,,,,,,,0
5VjEBHWuYs8,,,,,,,,0
BVP1EDKb6_g,,,,,,,,0
mvveVcbHynE,,,,,,,,0
cHT-qLnRm0E,,,,,,,,0
SS9fvo8mR9Y,,,,,,,,0
wJ83TfR5mMg,,,,,,,,0
MIQmrBxp2-E,,,,,,,,0
lj5-JOZGeUM,,,,,,,,0
C0wfM2vJHLI,,,,,,,,0
qs8poJ9OuFo,,,,,,,,0
CO8E5egwIZE,,,,,,,,0
zSV-3JFMaTw,,,,,,,,0
dT-Gaolql1c,,,,,,,,0
nrQpPCeqIFI,,,,,,,,0
dC3NUiJR-dI,,,,,,,,0
cP2z7MFJScU,,,,,,,,0
SpbR7h96Ln8,,,,,,,,0
O2lRjthGqvs,,,,,,,,0
GBMMtXRiQX0,,,,,,,,0
ZMNXylSDQj8,,,,,,,,0
s6xh6oKq1C0,,,,,,,,0
7eh4d6sabA0,,,,,,,,0
O1nWXTXcCwI,,,,,,,,0
LuuGsDLrCNo,,,,,,,,0
w1_HEEbUBO4,,,,,,,,0
aMEytCvS8gM,,,,,,,,0
CG_IxmLqQsk,,,,,,,,0
8L10w1KoOU8,,,,,,,,0
dVj-pH7ksQA,,,,,,,,0
_Q9ZKUyzzXE,,,,,,,,0
sFLbxmoM0Ws,,,,,,,,0
dxgvrooTZqQ,,,,,,,,0
PXOhi6m09bA,,,,,,,,0
JnnaDNNb380,,,,,,,,0
W01tIRP_Rqs,,,,,,,,0
D6gtZrsYi6c,,,,,,,,0
3TbU9HI8Io4,,,,,,,,0
fM8XdC1EweU,,,,,,,,0
1FZ0A1QCMWc,,,,,,,,0
kE5QZ8G_78c,,,,,,,,0
tdzZPbQ1DTE,,,,,,,,0
J1cpZOYBi8A,,,,,,,,0
wvODQqb3D_8,,,,,,,,0
xtOg44r6dsE,,,,,,,,0
rHeaoaiBM6Y,,,,,,,,0
yf1j0s7s2DU,,,,,,,,0
w1k5x-0EDD0,,,,,,,,0
YSB1OTpCBjQ,,,,,,,,0
aue5apGj-AQ,,,,,,,,0
hy4bmVNsHL8,,,,,,,,0
RiFxh1PXbiE,,,,,,,,0
SdTZAMDKrNY,,,,,,,,0
RThpeperNHk,,,,,,,,0
WrDOi5LMaTE,,,,,,,,0
imC8hVuFYRc,,,,,,,,0
nQiu_iB4cUI,,,,,,,,0
wkvFK0DhNlQ,,,,,,,,0
LwFfZSjnink,,,,,,,,0
unO8shxFZz0,,,,,,,,0
Wzr3GNAkB9Y,,,,,,,,0
ZiQIzyw4Kxw,,,,,,,,0
ULJPfzjDDEI,,,,,,,,0
UmTpM-TWT5Y,,,,,,,,0
8dqdDEyzkFA,,,,,,,,0
IUn8k5zSI6g,,,,,,,,0
5yeJ03crTrI,,,,,,,,0
xtOg44r6dsE,,,,,,,,0
JbP9EPPvVXg,,,,,,,,0
E0Hmnixke2g,,,,,,,,0
4dwsSz_fNSQ,,,,,,,,0
MMJZ33NK288,,,,,,,,0
oQ1gk7aukxg,,,,,,,,0
Mx9f99bRB3Q,,,,,,,,0
g9mK8BofDFY,,,,,,,,0
P8_W5Wc4zeg,,,,,,,,0
D3tXj96a-_w,,,,,,,,0
aaKUJZqWZ_I,,,,,,,,0
YcOdGAnJlOc,,,,,,,,0
aG4rfm4JI2A,,,,,,,,0
edM0_C4j6R0,,,,,,,,0
Nt32lTUeCcM,,,,,,,,0
x3KOCphRltk,,,,,,,,0
wL3KyYurkSk,,,,,,,,0
eEcWfKtA9Jk,,,,,,,,0
aZcxRm4Hvns,,,,,,,,0
SYPejHY9WV8,,,,,,,,0
rwdtCbDvTDU,,,,,,,,0
d6HZ_kaeGYA,,,,,,,,0
ReCD3ShdoAc,,,,,,,,0
CO8E5egwIZE,,,,,,,,0
tOhuE3RX_MI,,,,,,,,0
HtlLarnT9HU,,,,,,,,0
0n3_2Ry4EQU,,,,,,,,0
dVGe3HjMSe0,,,,,,,,0
fRObld9eRW4,,,,,,,,0
SJRojOq5P_4,,,,,,,,0
DWkDCWFuZ0M,,,,,,,,0
mvWZdHi7raw,,,,,,,,0
NFBrfmphBOs,,,,,,,,0
lANt56UOaSk,,,,,,,,0
EHkZy--dJOs,,,,,,,,0
6gpJUpMS7rI,,,,,,,,0
qjdj49WytLs,,,,,,,,0
EJXYpt6qJ9M,,,,,,,,0
0gy-QLu0oQQ,,,,,,,,0
461Opp1TShk,,,,,,,,0
67YBoMco58o,,,,,,,,0
IbjF5VjniVE,,,,,,,,0
B3OimYsCH9w,,,,,,,,0
UPbc3W4MYJI,,,,,,,,0
SpbR7h96Ln8,,,,,,,,0
jFuTZU0g-A8,,,,,,,,0
7tqiq7TsV1A,,,,,,,,0
r6votHUPD0U,,,,,,,,0
1DuRkX_FXvY,,,,,,,,0
97HCQqvhK0Y,,,,,,,,0
9oCZw-lNXUI,,,,,,,,0
y1B6tMrPauI,,,,,,,,0
teWYOMn9Lso,,,,,,,,0
nBTXu_CEKcg,,,,,,,,0
Liff_GA74EI,,,,,,,,0
8y7jgfJ8vTA,,,,,,,,0
IF4fG3lFHXU,,,,,,,,0
XLzhbXeK-Os,,,,,,,,0
uur8DzLbNbY,,,,,,,,0
Mo-iWKVBPEE,,,,,,,,0
wJfvtumFanQ,,,,,,,,0
ukzFI9rgwfU,,,,,,,,0
i_LwzRVP7bg,,,,,,,,0
SHnghYbk31s,,,,,,,,0
GI7RWIl-LNI,,,,,,,,0
eXDhazB7DSM,,,,,,,,0
8Z9o307t_10,,,,,,,,0
98V7VRAFJGM,,,,,,,,0
c-IO5r18EXk,,,,,,,,0
Y-om06y6GSc,,,,,,,,0
sN8DclJz7SY,,,,,,,,0
5rPJyrU-WE4,,,,,,,,0
d9v4-i7kEvg,,,,,,,,0
3fsy2oheRdg,,,,,,,,0
HWu39YkGKvI,,,,,,,,0
Fa_V9fP2tpU,,,,,,,,0
rqmvGmKiCJI,,,,,,,,0
rrfXmQqAJzk,,,,,,,,0
J-hSbSlLt-Y,,,,,,,,0
m0e-KfuiqSc,,,,,,,,0
VA-OlKkrwXA,,,,,,,,0
yN7ypxC7838,,,,,,,,0
TgtDuxe7_Ew,,,,,,,,0
gOxBRgYUXaU,,,,,,,,0
5QvG3WmYOi4,,,,,,,,0
cfj6yaYE86U,,,,,,,,0
TdGJNOCgQJU,,,,,,,,0
nKtvulEzrh4,,,,,,,,0
nWzCHg7saIY,,,,,,,,0
0zN346UO6Os,,,,,,,,0
gPi7JlHVPnQ,,,,,,,,0
2UiCKICBs6c,,,,,,,,0
s_-GoybUHAg,,,,,,,,0
9CnrLR7vr9g,,,,,,,,0
fwvETgybA6Y,,,,,,,,0
c1Har00xU8o,,,,,,,,0
8J-aSQpc2-I,,,,,,,,0
d5dQe9tm_Co,,,,,,,,0
bsXaLiDr8Xg,,,,,,,,0
ACXS5A0D21g,,,,,,,,0
huasFfC687k,,,,,,,,0
eG6vk6W89Ew,,,,,,,,0
hPdTIp383yY,,,,,,,,0
KZju7rh3jpg,,,,,,,,0
NF3x7pJUVzA,,,,,,,,0
1lg36bslPpY,,,,,,,,0
iaBvAl-nHPw,,,,,,,,0
3QE_SueBMzc,,,,,,,,0
GWfUcisPZKE,,,,,,,,0
Dcmb8qQWxBE,,,,,,,,0
mRkPm7B2YT0,,,,,,,,0
zWNw2jaAh1E,,,,,,,,0
NjZtDrMEcEo,,,,,,,,0
stNSaX38EkM,,,,,,,,0
dJ7VWr8zA-s,,,,,,,,0
kwlWKKW-5ZE,,,,,,,,0
meVbTteG224,,,,,,,,0
wFyShtZPNug,,,,,,,,0
rHwAE4qpspg,,,,,,,,0
jmFKLOgV55Q,,,,,,,,0
pOj5Igj1MWA,,,,,,,,0
tXaQRl0eKd8,,,,,,,,0
IGEHHrGnnGk,,,,,,,,0
V2X0twHBGqE,,,,,,,,0
5Yz0rNtOSRo,,,,,,,,0
WF9YlHdWeTw,,,,,,,,0
H4VGSYGvJiA,,,,,,,,0
LuzKkEmDWn0,,,,,,,,0
1qtfILYSDJY,,,,,,,,0
nHNYQWOfTwY,,,,,,,,0
pXrmAG7n2o0,,,,,,,,0
Bg7VkxWcOhQ,,,,,,,,0
pqABUJ57G_w,,,,,,,,0
5FpsGnkbEpM,,,,,,,,0
xi8g_OqH8Lw,,,,,,,,0
W38qGnyc_Pg,,,,,,,,0
07H3oSwIq2U,,,,,,,,0
r6LbTzrE_58,,,,,,,,0
imkZMtnqm7s,,,,,,,,0
JxgmHe2NyeY,,,,,,,,0
hH3QsPkayKI,,,,,,,,0
fiCRQwv23cY,,,,,,,,0
BMUp8wHcDco,,,,,,,,0
A7UxBOie-Wo,,,,,,,,0
KIZz5J6kYS4,,,,,,,,0
qbCC4B5YsbU,,,,,,,,0
vnCtquA8AtU,,,,,,,,0
tXaQRl0eKd8,,,,,,,,0
waCVU98b2vw,,,,,,,,0
uCeRK-eBGmk,,,,,,,,0
NHK6ElVMnwA,,,,,,,,0
obMXU8mW6uU,,,,,,,,0
NTDX1HtM_0w,,,,,,,,0
xIdTKG3s7xY,,,,,,,,0
k7JWAPcQeYA,,,,,,,,0
81ymPYEtFOw,,,,,,,,0
GVCp5yMH8_I,,,,,,,,0
oxA9k_Wzl7M,,,,,,,,0
FMEANo2txMM,,,,,,,,0
dQbEoljJeVg,,,,,,,,0
RftTFBmOrrY,,,,,,,,0
G4OXSMjJ1gY,,,,,,,,0
5O0F6oxaoLA,,,,,,,,0
SdL-Zi4COpg,,,,,,,,0
pQ_AquApf7Q,,,,,,,,0
TMtYU472KVQ,,,,,,,,0
QD9ApqVM3hY,,,,,,,,0
ES7GIJwo0hk,,,,,,,,0
J4E9JK2oM7s,,,,,,,,0
wnw11-wwPXA,,,,,,,,0
LKlOH8OLLcw,,,,,,,,0
l8CX9ExQ5gw,,,,,,,,0
XSOi9MKfEHQ,,,,,,,,0
rrOkqCyB-Dk,,,,,,,,0
c-ihSzWm0cQ,,,,,,,,0
F-aTe8i2Tag,,,,,,,,0
WgVXsPV02YQ,,,,,,,,0
ce6-LhljvGU,,,,,,,,0
_8Ug8b3WlnY,,,,,,,,0
ReEKiYAjmBU,,,,,,,,0
I3a4memJgNo,,,,,,,,0
5hEJXZGIHf8,,,,,,,,0
vQGtMdxphtE,,,,,,,,0
hDKCxebp88A,,,,,,,,0
ZkC1f_eAnWE,,,,,,,,0
sJQHz97sCZ0,,,,,,,,0
27Z3GkH8NWM,,,,,,,,0
EItlUEPCIzM,,,,,,,,0
OF3P64JQgOs,,,,,,,,0
HGmmiKTy3pk,,,,,,,,0
1XG1b85zPUk,,,,,,,,0
4q3eBT3Luxg,,,,,,,,0
5shTLzwAdEc,,,,,,,,0
BmXvj6NLyuU,,,,,,,,0
H5M6fA-7jaY,,,,,,,,0
jfSuQCs3bSs,,,,,,,,0
CMUe26KVhew,,,,,,,,0
uZTHYRM2SDc,,,,,,,,0
1caj2V7E31w,,,,,,,,0
7712jOYYKJg,,,,,,,,0
AuJhB2w98os,,,,,,,,0
liMk7XCq-n0,,,,,,,,0
N9t21kAtMnQ,,,,,,,,0
7ZgRs1xXcdY,,,,,,,,0
QS7FEqp-Guo,,,,,,,,0
sFLbxmoM0Ws,,,,,,,,0
P6PfyrxOXQA,,,,,,,,0
pvUG7p6L79w,,,,,,,,0
iAFJUCQNIFI,,,,,,,,0
NhrXq1H-lAo,,,,,,,,0
N4edU59od6A,,,,,,,,0
uzLkomURads,,,,,,,,0
RMz8U-4w6QY,,,,,,,,0
Yw76PnBlx0M,,,,,,,,0
YNUek8ioAJk,,,,,,,,0
uKvSLxDDJKY,,,,,,,,0
QMBgD1OGFIQ,,,,,,,,0
dQWpmxjCiUM,,,,,,,,0
9KA04ayP2P4,,,,,,,,0
iq7_NeIXEyY,,,,,,,,0
_S5tvagaQRU,,,,,,,,0
IGgAzpzourk,,,,,,,,0
yYWBxDD2MUU,,,,,,,,0
e_diQUJFVzc,,,,,,,,0
gVBNEb_3yMw,,,,,,,,0
ErT4vZwUtms,,,,,,,,0
Re19vARS4p4,,,,,,,,0
OoL8K_AFqkw,,,,,,,,0
EDnHKq8hPfs,,,,,,,,0
Ex0nhOPzLIs,,,,,,,,0
j4uDWRzAGHE,,,,,,,,0
aMpVzUg3Ep0,,,,,,,,0
CtsRRUddV2s,,,,,,,,0
zPG4NjIkCjc,,,,,,,,0
7ArmBVF2dCs,,,,,,,,0
GhrxgbQnEEU,,,,,,,,0
9wX1a1J4WOI,,,,,,,,0
P8hT5nDai6A,,,,,,,,0
L_a8Z0BVjyM,,,,,,,,0
gPfgB4ew3RY,,,,,,,,0
O8G60sGC0Uk,,,,,,,,0
KwQsV77bYDY,,,,,,,,0
18uvIX5SIvg,,,,,,,,0
sKfAmFK6u8A,,,,,,,,0
nvucOKmJwLs,,,,,,,,0
8jazNUpO3lQ,,,,,,,,0
QcPycBZomac,,,,,,,,0
qxo8p8PtFeA,,,,,,,,0
m88h75F3Rl8,,,,,,,,0
zUQr6HAAKp4,,,,,,,,0
eYTumjgE2IY,,,,,,,,0
owI7zxCqNY0,,,,,,,,0
HyYvH3jSrVQ,,,,,,,,0
06en5XqdPkI,,,,,,,,0
i3IadpjctWg,,,,,,,,0
P8NZB0VQeLA,,,,,,,,0
PaFPbb66DxQ,,,,,,,,0
bRl2IXIjuqE,,,,,,,,0
sDv4f4s2SB8,,,,,,,,0
4b4MUYve_U8,,,,,,,,0
NUXdtN1W1FE,,,,,,,,0
nk2CQITm_eo,,,,,,,,0
0m-rs2M7K-Y,,,,,,,,0
vKGphOrzze8,,,,,,,,0
xTpHD5WLuoA,,,,,,,,0
uWR2IWS0qJ8,,,,,,,,0
LVnHpmbv7Yg,,,,,,,,0
6xcQYmPDqXs,,,,,,,,0
J_LnPL3Qg70,,,,,,,,0
C5268D9t9Ak,,,,,,,,0
WWqE7YHR4Jc,,,,,,,,0
O2Cw82YR5Bo,,,,,,,,0
ltXSoduiVwY,,,,,,,,0
q1RD5ECsSB0,,,,,,,,0
EKm0spFxFG4,,,,,,,,0
sg_qvRl9gAI,,,,,,,,0
iIUq0SqBSH0,,,,,,,,0
EmSNAtcHLm8,,,,,,,,0
0as2Jh_eDwg,,,,,,,,0
YxvoByLcFfw,,,,,,,,0
MkNubKibM0A,,,,,,,,0
R15LjD8aCzc,,,,,,,,0
Z6HGJMUakmc,,,,,,,,0
cA09_IdteV0,,,,,,,,0
ajohJFbhSZA,,,,,,,,0
_OyKjstWe80,,,,,,,,0
vPde9bYrr80,,,,,,,,0
NqWkxbykZoo,,,,,,,,0
KwQsV77bYDY,,,,,,,,0
EMIyRmrPWJQ,,,,,,,,0
VqKq78PVO9g,,,,,,,,0
a7_1-HNNAFw,,,,,,,,0
GhMjti3DtPA,,,,,,,,0
Z7m2bA5rLEM,,,,,,,,0
1-OGRohmH2s,,,,,,,,0
66z_MRwtFJM,,,,,,,,0
TJveOYsK6MY,,,,,,,,0
lzGKRSvs5HM,,,,,,,,0
asWzD7JS_Cs,Regression Analysis in SPSS (Part 1),"In this video, I demonstrated how to perform regression analysis in SPSS in a special way it has never been done. I gave account of the Assumptions required to be satisfied by your dataset, and I also showed how you can put your dataset to test of the Assumptions. The entire procedure was a step-by-step process and this is a tutorial you should endeavour to watch and see. You are hereby encouraged to see this video to the end so that you can learn all that there is to regression analysis.

Regression Analysis in this video is accurately illustrated with terms and demonstrations that simplified regression analysis. So, if you need to learn how to perform regression analysis fast, then this video is for you.

To reach me directly, this is my email contact: 
asktitocan@gmail.com

If you have any question, please leave your questions in the comment section.

The following links are my previous videos that may be of interest to you. Please, click on the links to access the videos:

Introduction to SPSS Software for Beginners Part-1: https://youtu.be/P6PHpQnovwQ 
Introduction to SPSS Software for Beginners Part-2: https://youtu.be/10hMnTYmHNE 

Merge Two Data Files in SPSS (Part-2): https://youtu.be/LH1a-GUzE_8 
Merge Two Data Files in SPSS (Part-1): https://youtu.be/UFc-Opuotw0 
Introduction to SPSS Software for Beginners (Part-3): https://youtu.be/DeBEsXbQCmo 
Analysis of Variance in SPSS (Effect size and Interpretations): https://youtu.be/xqI4k9G4Q6A
Test of Normality of Data in SPSS: https://youtu.be/hZvE_5vCOeI
Identify Outliers using Tukey's Hinges Approach in SPSS: https://youtu.be/M2RE_xX2ra0
Identifying Outliers in Dataset using Stem-and-leaf Plot and Boxplots in SPSS: https://youtu.be/cwy7mnTIJgo
Identify Outliers using Scattered Plots in SPSS: https://youtu.be/vj8e1xUpAV0
How to Perform and Interpret One Sample T-Test in SPSS: https://youtu.be/eg5V71mBZKQ
Paired Sample T-Test in SPSS and Interpretations: https://youtu.be/u3u2Wbcn-P0
How to Perform Descriptive Statistics in SPSS: https://youtu.be/ndcfzrm1fgU
How to Perform Pearson’s Correlation Analysis: https://youtu.be/asHxxE5r2x8
How to Calculate Pearson’s Correlation Coefficient by Hand, Interpret and Report Results in APA style: https://youtu.be/9LVnKIp5ANg

Titocan Mark Solutions (TMS) is a YouTube Channel that improves the knowledge of how to do things in many endeavours, so I hereby encourage you to partner with us to encourage education and learning by clicking on the red SUBSCRIBE button above to subscribe to our YouTube Channel. Doing this is entirely FREE, and we will continue to send you notifications every time we publish new video contents. Thank you.",Titocan Mark Solutions,UCbfMAdad3RDOVTo8ACfN-9A,"Titocan, Imhansoloeva Titocan, TMI Solutions, Tutorials, How to, Data download, Data analysis, Software, ArcGIS, SPSS, software applications, Regression analysis, regression model, Simple linear regression analysis, Linear model, Regression analysis in SPSS, Statistical data analysis, Assumptions for regression analysis, Homoscedasticity and outliers, Independence of observations, ANOVA, Significance level, Confidence intervals, Multiple linear regression analysis, TMS",https://en.wikipedia.org/wiki/Knowledge,,0
Ep0z0QTXvXA,How to Perform Linear Regression Analysis in Excel,"In this video i will show you how to carried out linear regression analysis using Microsoft Excel software. Linear regression analysis used to estimate the linear relationships between two variables (dependent and independent) which will helps you understand how the dependent variable changes when the independent variable changes.
The main goal of The main goal of a linear regression model is to get the smallest possible sum of squares and draw a line that comes closest to the data. This line is called the line of best fit.

🙏🙏Thanks for watching the video and i hope you like it. Please support my channel by liking and sharing the video. Don't forget to subscribe and click on the notification so that you don't miss any video we upload. Drop your comment below and i welcome any questions you have. Thanks
Website ➡️ https://www.aymusa.com/
➡️Contact me at : ymusa.phy@buk.edu.ng
➡️Subscribe Here: https://tinyurl.com/ymayutube",AYM9,UCBbh0fTZZacg-mEiRIkGBlQ,"excel, regression, spreadsheet, straight line, linear regression, least square",https://en.wikipedia.org/wiki/Knowledge,,0
EkAQAi3a4js,"Multiple Regression, Clearly Explained!!!","This StatQuest shows how the exact same principles from ""simple"" linear regression also apply multiple regression. At the end, I show how to test if a multiple regression is better than a simple regression.

For a complete index of all the StatQuest videos, check out:
https://statquest.org/video-index/

If you'd like to support StatQuest, please consider...

Patreon: https://www.patreon.com/statquest
...or...
YouTube Membership: https://www.youtube.com/channel/UCtYLUTtgS3k1Fg4y5tAhLbw/join

...buying one of my books, a study guide, a t-shirt or hoodie, or a song from the StatQuest store...
https://statquest.org/statquest-store/

...or just donating to StatQuest!
https://www.paypal.me/statquest

Lastly, if you want to keep up with me as I research and create new StatQuests, follow me on twitter:
https://twitter.com/joshuastarmer

Correction:
2:49 I left off some of the parentheses for the equation for F. The numerator should be: (SS(mean) - SS(fit))/(pfit - pmean)

#statquest #regression",StatQuest with Josh Starmer,UCtYLUTtgS3k1Fg4y5tAhLbw,"Josh Starmer, StatQuest, Machine Learning, Statistics, Data Science",https://en.wikipedia.org/wiki/Knowledge,,0
cd2_GVI4CoQ,Regression Analysis on Excel,,Mona Schraer,UCcvsCwJYDyR3_K2_BY7WSBQ,,https://en.wikipedia.org/wiki/Knowledge,,0
VfC8uQGm5W8,Learn Desmos: Regressions,"Here's a quick video tutorial on using regressions in the Desmos Graphing Calculator (https://www.desmos.com/calculator).

You can find more how-to videos, as well as our collection of interactive tours, at http://help.desmos.com.",Desmos,UC_IR-dUP9trF4W8LS0_1EnA,"desmos, learn desmos, graphing calculator, graphing, online graphing, how to, tutorial, regression, regressions, residuals, statistics",https://en.wikipedia.org/wiki/Knowledge,,0
3uxfxV3ERhA,,,,,,,,0
Sg8zME0RFLo,How to do a Linear Regression on Excel,"In this video I will be demonstrating how you can do a Linear Regression in Excel, both through creating a graph and through using Excel Functions.",The Chemical Engineering Tutor,UCjGGgr2vSqIsSMe52Jguk3w,"#excel, #Excel, #excel tutorial, #Excel tutorial, #spreadsheet, #linear regression, #linearregression, #tutorial",https://en.wikipedia.org/wiki/Knowledge,,0
38d2lxsgznQ,How to do Simple Linear Regression in Power BI | Diana Arciniega,"Join Diana Arciniega as she shows a tutorial on how to create a Simple Linear Regression in Power BI.

Check out her blog that has the step by step tutorial.
https://iterationinsights.com/article/linear-regression-in-power-bi/

This video was recorded during the Calgary Power Platform User Group on Sept 21, 2021

Join the Calgary Power Platform User Group community site and never miss a meeting! 
https://bit.ly/MSPPUGSite

Follow Diana Arciniega
https://www.linkedin.com/in/dianaarciniega/
https://linktr.ee/dianaarciniega

----------------------------------------------------

Follow Iteration Insights! 
LinkedIn: https://www.linkedin.com/company/iterationinsights 
Twitter: https://twitter.com/iterinsights
Facebook: https://www.facebook.com/iterationinsights
Instagram: https://www.instagram.com/iterationinsights 
https://www.iterationinsights.com",Iteration Insights,UChhUGANsGsgbxFeO__iXEOw,,https://en.wikipedia.org/wiki/Knowledge,,0
SG-tokYEgX0,Multiple Linear Regression using Excel Data Analysis Toolpak,LearnAnalytics demonstrates use of Multiple Linear Regression on Excel 2010. (Data Analysis Toolpak). Data set referenced in video can be downloaded at www.learnanalytics.in/blog/wp-content/uploads/2014/02/car_sales.xlsx,Learn Analytics,UCu7MPZwCKjjolSZkxQt6dCQ,"Data Analysis Tool Pak, Analytics (Industry), Analytics Training, Microsoft Excel (Software), Linear Regression, Data Analysis (Software Genre), LearnAnalytics, Regression Analysis, Simple Linear Regression",https://en.wikipedia.org/wiki/Knowledge,,0
u9kRsL2iSrM,,,,,,,,0
EFI2XKReZyw,Learn Desmos: Regressions,"Here's a a quick video tutorial on using regressions in the Desmos Graphing Calculator (https://www.desmos.com/calculator).

You can find more how-to videos and other resources at http://help.desmos.com.",Desmos,UC_IR-dUP9trF4W8LS0_1EnA,,https://en.wikipedia.org/wiki/Knowledge,,0
9lRv01HDU0s,Tutorial 27- Ridge and Lasso Regression Indepth Intuition- Data Science,"Please join as a member in my channel to get additional benefits like materials in Data Science, live streaming for Members and many more 
https://www.youtube.com/channel/UCNU_lfiiWBdtULKOw6X0Dig/join

#Regularization
⭐ Kite is a free AI-powered coding assistant that will help you code faster and smarter. The Kite plugin integrates with all the top editors and IDEs to give you smart completions and documentation while you’re typing. I've been using Kite for a few months and I love it! https://www.kite.com/get-kite/?utm_medium=referral&utm_source=youtube&utm_campaign=krishnaik&utm_content=description-only


Please do subscribe my other channel too
https://www.youtube.com/channel/UCjWY5hREA6FFYrthD0rZNIw


Connect with me here:

Twitter: https://twitter.com/Krishnaik06

Facebook: https://www.facebook.com/krishnaik06

instagram: https://www.instagram.com/krishnaik06",Krish Naik,UCNU_lfiiWBdtULKOw6X0Dig,"upgrad, data science, machine learning, appliedaicourse, lasso regression, ridge regression",https://en.wikipedia.org/wiki/Knowledge,,0
WngoqVB6cXw,How to do Multiple Linear Regression in Python| Jupyter Notebook|Sklearn,"If you are new to #python and #machinelearning, in this video you will find some of the important concepts/steps that are followed while predicting the results in Multiple Linear Regression model. These steps are helpful, especially, while handling large number of observations in a dataset. 
The dataset used in this video is publicly available and therefore, easy to download and practice. 
Here is the link to the dataset: https://archive.ics.uci.edu/ml/datasets/combined+cycle+power+plant
(Note: If multiple sheets are downloaded, the data in the sheet 1 is used in this video for analysis and if your data is downloaded in excel format, replace pd.read_csv with pd.read_excel while importing dataset in Jupyter)

Hope you find this video helpful. Let me know your thoughts in the comment section below.
I make videos on Tableau and Python on a regular basis. If you like this video, please don’t forget to subscribe.
Happy Learning!
#multiplelinearregression #python #jupyter #jupyternotebook #beginnerinmachinelearning #machinelearning #pythontutorial #regression #scikitlearn #sklearn",Megha Narang,UCPTDQOziEWEHnMqqQsjpbew,"#learning, DataViz, #multiplelinearregression, #jupyter, #python",https://en.wikipedia.org/wiki/Knowledge,,0
29rjWClT_3U,Simple and Multiple Linear Regression,"Linear Regression in Statistics: The linear regression distinguishes between simple and multiple linear regression analysis. 
SIMPLE LINEAR REGRESSION
In the first case, simple linear regression, the aim is to investigate the influence of an independent variable on a dependent variable.
MULTIPLE LINEAR REGRESSION
In the second case, multiple linear regression, the influence of several independent variables on a dependent variable is analyzed.
 
In both cases, it is a prerequisite that the scale of measurement of the dependent variable is metric.

More Information about Simple and Multiple Linear Regression:
https://datatab.net/tutorial/linear-regression

and the online Regression calculator:
https://datatab.net/statistics-calculator/regression

Regression Analysis: An introduction to Linear and Logistic Regression
https://youtu.be/FLJ0yYetywE
Simple and Multiple Linear Regression
https://youtu.be/29rjWClT_3U
Assumptions of Linear Regression
https://youtu.be/sDrAoR17pNM
Logistic Regression: An Introduction
https://youtu.be/3tq4t41MsPc
Dummy Variables in Multiple Regression
https://youtu.be/bnjPzHQ04Ac
Regression with categorical independent variables
https://youtu.be/xVBwXqnWPyE
Multicollinearity
https://youtu.be/G1WX5GiFSWQ
Causality, Correlation and Regression
https://youtu.be/dhCnAO4UoiM",DATAtab,UC3UwrWtAFlAkFl_3Nia756g,"multiple linear regression, multiple regression, linear regression",https://en.wikipedia.org/wiki/Knowledge,,0
A1H4j97paI4,,,,,,,,0
ueNrP5TyZaE,,,,,,,,0
xxfOHdyjIcE,JASP Tutorial #13: Linear Regression with 1 Predictor Variable,,Alex Daniel,UC4VS_seNKIuG9gEhGMETyEg,,https://en.wikipedia.org/wiki/Knowledge,,0
XPxSshuYyao,,,,,,,,0
_kb2X85DkKk,How to Perform Linear Regression in Python in 7 mins using Jupyter Notebook,"How to Perform Linear Regression in Python in 7 mins using Jupyter Notebook.

Follow Machine Learning 101 here: https://www.youtube.com/watch?v=QS6cOyxf1Fs&list=PL9l1zUfnZkZnyhf9ZG2YX67lw534iLvjg

These are Machine Learning 101 Lectures, so you can read ahead of the next tutorial.

Lecture 1: https://www.kindsonthegenius.com/machine-learning-introduction-to-machine-learning-course/

Lecture 2: https://www.kindsonthegenius.com/machine-learning-101-overview-of-machine-learning-and-some-basic-terms/

Lecture 3: https://www.kindsonthegenius.com/machine-learning-101-classes-of-machine-learning-problems/

Lecture 4: https://www.kindsonthegenius.com/machine-learning-101-simple-regression-problem/

Lecture 5: https://www.kindsonthegenius.com/machine-learning-101-equation-for-a-line-and-regression-line/

Lecture 6: https://www.kindsonthegenius.com/machine-learning-101-polynomial-curve-fitting/

For more on Machine Learning, Python programming and more, visit: http://www.kindsonthegenius.com

How to perform PCA in Python: https://www.kindsonthegenius.com/principal-components-analysispca-in-python-step-by-step/

For all lessons, visit my site: https://www.kindsonthegenius.com 
Subscribe Kindson The Tech Pro Youtube: https://bit.ly/2PpJd8Q 
Join my group ICS on Facebook: https://bit.ly/2UULiQj 
Follow me on Instagram - https://www.instagram.com/kindsonm/ 
Connect with me on LinkedIn: https://www.linkedin.com/in/kindson/ 
Follow me on Twitter: https://twitter.com/KindsonM 
Learn about me: http://www.kindsonthegenius.com",Kindson The Tech Pro,UCppSe7mf1kdxA3Ga49rPWBg,"Linear Regression, Regression Analysis, Jupyter Notebook, Python",https://en.wikipedia.org/wiki/Knowledge,,0
W58QZJGi8uw,Linear Regression in R,"Full MACHINE LEARNING Playlist: https://www.youtube.com/playlist?list=PL5-M_tYf311ZEzRMjgcfpVUz2Uw9TVChL
Housing Prices Dataset: https://github.com/thinkxacademy/LinearRegression/blob/master/housingprices.csv#machinelearning #regression #statistics #datascience #statistics #computerscience #programming

Android App(Notes+Videos): https://play.google.com/store/apps/details?id=com.thinkx.thinkx
Facebook: https://www.facbook.com/thinkxacademy
Twitter: https://www.twitter.com/thinkxacademy
Instagram: https://www.instagram.com/thinkxacademy",ThinkX Academy,UCZIq1XVR4IHtP_PlQ2Y74PQ,"machine learning, ml, linear regression in r, rstudio, statistics, data science",https://en.wikipedia.org/wiki/Knowledge,,0
VZkXjh0m1Rg,,,,,,,,0
fenkhGg4nOg,Drawing a Regression Line,How to draw a line on a graph when the equation of the line is given.,MathsAcademyUK,UCWJan4RxjmE71u88YkH2Ffg,"aqa, statistics, maths, regression line, regression equation, s1",https://en.wikipedia.org/wiki/Knowledge,,0
xj_e7M7YS6w,,,,,,,,0
NbSjQ0n-Gss,STATA Tutorials: Multiple Linear Regression,"STATA Tutorials: Multiple Linear Regression is part of the Departmental of Methodology Software tutorials sponsored by a grant from the LSE Annual Fund.

For more information on the Departmental of Methodology visit http://www.lse.ac.uk/methodologyInstitute or follow us on http://twitter.com/MethodologyLSE

LSE Annual Fund webpage http://www.alumni.lse.ac.uk/olc/pub/LHE/filemanager/annualfund/default.htm",Department of Methodology LSE,UC1Rl-xRs3qFNmESY1fb4tGA,"STATA, STATA Tutorial, software tutorial, data, Multiple Linear Regression, data analysis, STATA analysis, Methodology Institute, Linear Regression, statistical software, STATA Linear Regression",https://en.wikipedia.org/wiki/Knowledge,,0
stRCK4_hhSA,Multivariable Linear Regression in SPSS (SPSS Tutorial Video #26),"In this video, I explain how to conduct a multivariable linear regression in SPSS. I walk through the key assumptions that need to be checked, most critically, heteroskedasticity. I also show you how to interpret all the results including standardized and unstandardized beta coefficients. I also discuss how you can avoid Type 1 Error (False Positives) by using a Bonferroni Correction.

This SPSS tutorial series is designed to teach you the basics of how to analyze and interpret the results of data using SPSS. I will cover everything from the very basics of the main windows within SPSS, to manipulating data, to running and interpreting meaningful analyses like t-tests, ANOVA, regression, and many more, and visualizing results.


The data file used in this video can be found here: https://drive.google.com/file/d/1-BbnD3Z0UTKUo6vmPOmC7iIkXCP-vaum/view?usp=sharing

Video tutorial and walkthrough of the data file used in this video: https://youtu.be/AhtVHmC09fs

REGRESSION VIDEO about basic Single Variable Linear Regression: https://youtu.be/6XUTtpk8ycc

REGRESSION VIDEO about Multivariable Linear Regression: https://youtu.be/stRCK4_hhSA

REGRESSION VIDEO about Continuous by Categorical Interactions with Linear Regression: https://youtu.be/xwFaEBShXlk

REGRESSION VIDEO about Continuous by Continuous Interactions with Linear Regression: https://youtu.be/s2nq6oI91S4

Video about computing variables in SPSS: https://youtu.be/leCnPzNhPck

Video about descriptive statistics in SPSS: https://youtu.be/ILMSXTmD_Qs

Playlist of video covering INTUITION for statistics and data science: https://www.youtube.com/playlist?list=PLmXNcJ-VjBYrySRGXmkJMHpw6O4E--XxC

All the SPSS tutorial videos are in this playlist: https://www.youtube.com/playlist?list=PLmXNcJ-VjBYo9QnJP1BoMwfU_dfPmGoi1

Learn more about who I am and why I'm doing this here: https://youtu.be/sLIquDwwTpw

Follow me at:
LinkedIn: https://www.linkedin.com/in/jeff-galak-768a193a
Patreon: https://www.patreon.com/datademystified 
Website: http://www.jeffgalak.com/datademystified

Equipment Used for Filming:
Nikon D7100: https://amzn.to/320N1FZ
Softlight: https://amzn.to/2ZaXz3o
Yeti Microphone: https://amzn.to/2ZTXznB
iPad for Teleprompter: https://amzn.to/2ZSUkNh
Camtasia for Video Editing: https://amzn.to/2ZRPeAV",Data Demystified,UCzEmcsawWvM1GGesDCeX_lQ,"linear regression, linear regression spss interpretation, heteroskedasticity spss, heteroskedasticity, spss, learn spss, spss how to, spss tutorial, linear regression in spss, data demystified, spss for beginners, linear model spss, multivariate regression, multivariate regression spss, standardized coefficients beta interpretation spss, unstandardized coefficients beta interpretation spss, bonferroni correction, type 1 error, false positives",https://en.wikipedia.org/wiki/Knowledge,,0
ANMuuq502rE,,,,,,,,0
7WPfuHLCn_k,,,,,,,,0
NGFmRt2V8vo,,,,,,,,0
yIYKR4sgzI8,StatQuest: Logistic Regression,"Logistic regression is a traditional statistics technique that is also very popular as a machine learning tool. In this StatQuest,  I go over the main ideas so that you can understand what it is and how it is used.

For a complete index of all the StatQuest videos, check out:
https://statquest.org/video-index/

If you'd like to support StatQuest, please consider...

Patreon: https://www.patreon.com/statquest
...or...
YouTube Membership: https://www.youtube.com/channel/UCtYLUTtgS3k1Fg4y5tAhLbw/join

...buying one of my books, a study guide, a t-shirt or hoodie, or a song from the StatQuest store...
https://statquest.org/statquest-store/

...or just donating to StatQuest!
https://www.paypal.me/statquest

Lastly, if you want to keep up with me as I research and create new StatQuests, follow me on twitter:
https://twitter.com/joshuastarmer

0:00 Awesome song and introduction
0:23 Review of linear regression
3:09 Logistic regression overview
6:22 Logistic regression vs Linear regression
8:06 Summary of concepts

#statquest #logistic",StatQuest with Josh Starmer,UCtYLUTtgS3k1Fg4y5tAhLbw,"Joshua Starmer, StatQuest, Statistics, Machine Learning, Logistic Regression",https://en.wikipedia.org/wiki/Knowledge,,0
wkkllZqICaQ,Linear Regression in Excel: How to Interpret a Model & Make Predictions,"This video walks step by step through how to create a linear regression model, how to interpret it and how to use the model to make predictions, all within Excel.

🔗 Link to the full course, Statistics for Data Analysis with Enrique Ruiz: https://www.mavenanalytics.io/course/statistics-for-data-analysis 

▶️ Want more Excel tips? Check out our Data Analysis in Minutes playlist: https://www.youtube.com/playlist?list=PLGAnLqlBhx1EAZAKX5UNhkQw3uIJ8bOE6

🗣️ Follow us on LinkedIn for daily data analysis tips and career guidance: https://www.linkedin.com/company/maven-analytics 

💡 Interested in other courses? Join over 1,000,000 students who have taken our Maven Analytics courses in Excel, SQL, PowerBI, Tableau, Python and more: https://www.mavenanalytics.io/online-data-analysis-courses",Maven Analytics,UCFqInmJykuVFKzi6uQl_ySg,"data science, big data, data analytics, learn data, learn, data, analytics, maven, career, analysis, excel, sql, power bi, python, course, Why learn data, what is data, mysql, beginner, visualization, tutorial, education, data science vs business intelligence, business intelligence, remote jobs, data career paths, data career",https://en.wikipedia.org/wiki/Knowledge,,0
GG3sJYuwAKc,Linear Regression using a calculator (Casio fx-991Ms),"This video will show you how to calculate a Linear Regression using the Casio fx-911ms.  It uses an example to show you step by step.  It will show you how to determine the equation and the r value.

To see how to perform standard deviation and other calculations:
https://www.youtube.com/watch?v=cZWcZ6evUms

To see how to perform mean using the calculator:
https://www.youtube.com/watch?v=1CQfKk2Fln8",mathmadeeasy,UCVjFmCdev5XzYABHUTZX0Ew,"Correlation Coefficient., r value, y=mx + b, y =A + Bx, y= ax + b, Calculator (Invention), casio, casio fx-991Ms, casio fx, casio fx-991, math, regression, regression analysis, math made easy, easy math, calculator regression, linear regression, linear, linear models, coefficient, correlation, high school math, education",https://en.wikipedia.org/wiki/Knowledge,,0
xlJyKDzru1o,R Programming - Linear Regression,"R Programming - Linear Regression
Watch More Videos at https://www.tutorialspoint.com/videotutorials/index.htm
Lecture By: Mr. Ashish Sharma, Tutorials Point India Private Limited.",TutorialsPoint,UCVLbzhxVTiTLiVKeGV7WEBg,"Linear Regression, R Programming - Linear Regression, Programming",https://en.wikipedia.org/wiki/Knowledge,,0
_5AVGuEzCXc,Linear regression — jamovi,"Linear regression is the single most useful method in any analyst's toolbox. jamovi makes it easy to conduct both simple and sophisticated regression analyses. To download the free course files, visit https://datalab.cc/tools/jamovi. Thanks for visiting and let us know what you'd like to see!",datalabcc,UC4FWYTxQi-ht7W2JXHeQDuw,"regression, linear regression, hypothesis test, inferential statistics, statistical model, predictive analytics, datalab.cc, tutorial, statistics, data science, data analysis, data, software, jamovi",https://en.wikipedia.org/wiki/Knowledge,,0
zcZaI-xfiFE,,,,,,,,0
JxxrdB_-sc8,,,,,,,,0
Z3037GwvOZg,,,,,,,,0
yZXNS5AxmIY,,,,,,,,0
jpnThsrXUkc,Basics of Simple Linear Regression in JASP,"This video demonstrates simple linear regression in JASP. It does not discuss theory. 

You can follow along using this dataset: https://www.dropbox.com/s/lzg05yoamc0a87j/Fictional%20Scale%20Data%20Version%202.csv?dl=0",Dr E Research Videos,UCzGr0UavgwiMRkpBYbQukGA,,https://en.wikipedia.org/wiki/Knowledge,,0
mno47Jn4gaU,"Multiple Regression in R, Step by Step!!!","This 'Quest starts with a simple regression in R and then shows how multiple regression can be used to determine which parameters are the most valuable. If you want the code, you can get it from the StatQuest GitHub, here: https://github.com/StatQuest/multiple_regression_demo/blob/master/multiple_regression_demo.R

For a complete index of all the StatQuest videos, check out:
https://statquest.org/video-index/

If you'd like to support StatQuest, please consider...

Patreon: https://www.patreon.com/statquest
...or...
YouTube Membership: https://www.youtube.com/channel/UCtYLUTtgS3k1Fg4y5tAhLbw/join

...buying one of my books, a study guide, a t-shirt or hoodie, or a song from the StatQuest store...
https://statquest.org/statquest-store/

...or just donating to StatQuest!
https://www.paypal.me/statquest

Lastly, if you want to keep up with me as I research and create new StatQuests, follow me on twitter:
https://twitter.com/joshuastarmer

#StatQuest",StatQuest with Josh Starmer,UCtYLUTtgS3k1Fg4y5tAhLbw,"Josh Starmer, StatQuest, Machine Learning, Statistics, Data Science",https://en.wikipedia.org/wiki/Knowledge,,0
yMgFHbjbAW8,Introduction to residuals and least squares regression,"Courses on Khan Academy are always 100% free. Start practicing—and saving your progress—now: https://www.khanacademy.org/math/ap-statistics/bivariate-data-ap/xfb5d8e68:residuals/v/regression-residual-intro

Introduction to residuals and least squares regression",Khan Academy,UC4a-Gbdw7vOaccHmFo40b9g,"education, online learning, learning, lessons",https://en.wikipedia.org/wiki/Knowledge,,0
0lpfmFnlDHI,Excel Regression Analysis through the Toolpak,Using Data Analysis Toolpak Regression analysis and interpreting the results. Its one of those powerful tools in Excel Data Analysis Toolpak that can save your from having to learn other software like STATA and SPSS.,Tobin Porterfield,UCS6Zv33bQ1Cfj-hF2OHW2Lw,"excel 2016, correlation",https://en.wikipedia.org/wiki/Knowledge,,0
Yhs68uTK6tI,Simple linear regression in STATA,"Dependent, independent, exposure, explanatory, predictor, outcome, response variable, statistics, P value. mean, standard deviation, confidence, interval, normality test, homoscedastic, heteroscedasticity, equal variances, unequal variances, normal curve, statistical method, relationship, residuals,  simple linear regression, regression line, slope, intercept, regression equation, trend line, correlation coefficient, R squared, r value, ANOVA, t test, , regression, prediction, data, continuous variable, fit regression line, regression model, assumptions, analyse, Descriptive, collinearity, histogram , normal probability plot , output, table, descriptive statistics, correlation coefficient, positive correlation significant, model summary , variances , significant , statistically significance value , graph , regression standardised residual, normally distributed , P-P plot, scattered plot, regression standardised residual standardised predicted value, Regression equation, trend line
Y=b0 +b1* X

Simple linear regression in STATA is one of the statistical technique or method used to examine the relationship between two variables one of the variable is the outcome or the response or the dependent variable and the other variable is the independent variable or the exposure or the explanatory variable or the predictor.
simple linear regression there is only one predictor and the test will fit the best regression line for the data and will generate align with an equation an from the equation which is called regression equation.
prediction can be calculated in STATA.
Two variables the systolic blood pressure which is an outcome an is a dependant variable and the age which is a predictor or an exposure both variables are continuous variables 
assumptions have to be fulfilled before performing simple linear regression 
the method how to perform the analysis in status will be described and an equation will be generated
in the command section type regress for regression space then the outcome which is systolic blood pressure space then the age which is the predictor 
table is generated showing that number of observations which is 100 the
P value for the test R-squared adjusted are squared P value is less than 0.05.
The test well examine whether slope  equal to 0 or not 
There is significant relationship between age and systolic blood pressure and systolic blood pressure can be predicted by the age. 
R squared value is equal to .53 and this means that 53% of variation in the outcome which is a systolic blood pressure can be explained by the predictor which is the age 
coefficient is 1.09  which means every one year increase in the age there is an increase of 1.1 value in the systolic blood pressure 
The second value which is constant is 86.2 this is the intercept and there is a significant value here as the P value is less than 0.05 from 
a regression equation can be generated as the following.
 Y= intercept + slope* X",Dr. Mahmoud Omar (Statistics),UClTxti8YFCFRObPZT2LT9Xw,"Dependent, independent, exposure, explanatory, predictor, outcome, response variable, P-value, standard deviation, confidence interval, normality test, heteroscedasticity, equal variances, relationship, Residuals, simple linear regression, regression line, slope, intercept, correlation coefficient, R squared, ANOVA, t test, continuous variable, assumptions, descriptive statistics, standardised residual, P-P plot, scattered plot, standardised predicted, Regression equation",https://en.wikipedia.org/wiki/Knowledge,,0
umPQ78xM_5Y,How to perform multiple linear regression analysis in Excel,"This video demonstrates how to perform multiple linear regression analysis in Excel and interprets the results including R-square, regression equation, P-value, residual plot, and scatter plot.",Sonya Zhang,UCLy67jUoPAQu8ttUQSej_vg,,https://en.wikipedia.org/wiki/Knowledge,,0
Xse7Aqb0fLI,,,,,,,,0
rLkysIyO7-U,,,,,,,,0
86eJIkIlAvs,,,,,,,,0
Qa_FI92_qo8,,,,,,,,0
iMdtTCX2Q70,,,,,,,,0
Hb4mk_WPPeE,,,,,,,,0
tXzWkeFIcek,,,,,,,,0
G1WX5GiFSWQ,,,,,,,,0
dQQ3NHE7tIk,,,,,,,,0
NzuK4iAfxhU,,,,,,,,0
vnQIW5ts3eM,,,,,,,,0
b0L47BeklTE,,,,,,,,0
MkLBNUMc26Y,,,,,,,,0
nkhadlenijo,,,,,,,,0
XdM6ER7zTLk,,,,,,,,0
2pohFqtQkMk,,,,,,,,0
uxSWViy8QqY,,,,,,,,0
VaVbknWWZCo,,,,,,,,0
aztcS-3MwH0,,,,,,,,0
1fZeBafD1nw,,,,,,,,0
uD88ecvVFdI,,,,,,,,0
loyCki0wyK4,,,,,,,,0
yt7fzvwfWHs,,,,,,,,0
1dketF_VwR4,,,,,,,,0
LTvi3cBuElE,,,,,,,,0
EmsR8lc7w78,,,,,,,,0
GZti9C_CP0E,,,,,,,,0
HgfHefwK7VQ,,,,,,,,0
OXij01ywj0I,,,,,,,,0
MLMXX1yLe_Q,,,,,,,,0
hGX3K6fhwp8,,,,,,,,0
OohDOL5M6nw,,,,,,,,0
SqN-qlQOM5A,,,,,,,,0
AMx_SwQkn34,,,,,,,,0
D58TebqqQLc,,,,,,,,0
ewnc1cXJmGA,,,,,,,,0
U2p16pCHW3c,,,,,,,,0
znRJpMgX8Dc,,,,,,,,0
xLdvMG5qAmo,,,,,,,,0
IWYENu0kCYE,,,,,,,,0
3XUdT7cefJk,,,,,,,,0
_QnsH74zXhA,,,,,,,,0
q3-NNQfuA9w,,,,,,,,0
ScV2FOlx41A,,,,,,,,0
FLJ0yYetywE,,,,,,,,0
SUMEPqXs5Cs,,,,,,,,0
0AGLdgUtIJg,,,,,,,,0
4bGG02Jsjyc,,,,,,,,0
CtKeHnfK5uA,,,,,,,,0
Nttf5gHI-54,,,,,,,,0
wLp_p1rzNrM,,,,,,,,0
Ktks5K95uQM,,,,,,,,0
cXiZ_t2NK1k,,,,,,,,0
biyosVy8it4,,,,,,,,0
AyrkjZ1L68E,,,,,,,,0
HafqFSB9x70,,,,,,,,0
kANlmckVmww,,,,,,,,0
JvS2triCgOY,,,,,,,,0
6-4KVHI3K8k,,,,,,,,0
uioO2DdwDSA,,,,,,,,0
jZVfu312x44,,,,,,,,0
9ktyhFt4i1M,,,,,,,,0
bpRlrb-mAUA,,,,,,,,0
6E6pB5JFLgM,,,,,,,,0
2atuPaNejig,,,,,,,,0
feDJkDaNuOk,,,,,,,,0
0AGLdgUtIJg,,,,,,,,0
sDrAoR17pNM,,,,,,,,0
QptI-vDle8Y,,,,,,,,0
GyCvtrrtWZ4,,,,,,,,0
XqGWYRBE-Og,,,,,,,,0
5wqU8gy9SxQ,,,,,,,,0
cHT-qLnRm0E,,,,,,,,0
JkU9SPVQbPc,,,,,,,,0
n5CTST285Ic,,,,,,,,0
Rd1g4XbXo84,,,,,,,,0
aOsZdf9tiNQ,,,,,,,,0
kHX0jOf-wSA,,,,,,,,0
Ut22-WLvEVw,,,,,,,,0
sNi_-8ODgAI,,,,,,,,0
iaom_n2ER-Q,,,,,,,,0
wFerATg5V3s,,,,,,,,0
UCOm-LFKX9E,,,,,,,,0
KmazWowgZm8,,,,,,,,0
YAJ5XBwlN4o,,,,,,,,0
M1tVwND8T1o,,,,,,,,0
XZFI_VaPzC8,,,,,,,,0
aV_sRopNTrw,,,,,,,,0
wsi0jg_gH28,,,,,,,,0
YC0bvIxR6t4,,,,,,,,0
KYNuzfn5Fx0,,,,,,,,0
erfeZg27B7A,,,,,,,,0
eTZ4VUZHzxw,,,,,,,,0
HIcqQhn3vSM,,,,,,,,0
R1ucKPEAFOo,,,,,,,,0
AP_K7SaKkIE,,,,,,,,0
tEp-33IGABQ,,,,,,,,0
3JRmyrbF9k0,,,,,,,,0
fDvm9I2F7Nc,,,,,,,,0
FBOZ8o1AJ6k,,,,,,,,0
Ktks5K95uQM,,,,,,,,0
dQNpSa-bq4M,,,,,,,,0
Hr06nSA-qww,,,,,,,,0
zAxuIlCBvOw,,,,,,,,0
4fKJxpwSqgE,,,,,,,,0
yJnHmCMb1q4,,,,,,,,0
z-eAkh6Q2go,,,,,,,,0
yAYGDGOO5bA,,,,,,,,0
exxh0Eqg_i0,,,,,,,,0
SP5Ez7xiaKE,,,,,,,,0
pIpjpiENNqE,,,,,,,,0
8PJ24SrQqy8,,,,,,,,0
CLocpSMXO-4,,,,,,,,0
LRnwhSx9k8g,,,,,,,,0
XqGWYRBE-Og,,,,,,,,0
P3RWunY1Irg,,,,,,,,0
V_C6luIhvjg,,,,,,,,0
u1ePV1ntMNs,,,,,,,,0
8iqzFQ_nZI8,,,,,,,,0
p_d-JcPrLOU,,,,,,,,0
1kp4Xtx-ups,,,,,,,,0
_g6Td1nJqvs,,,,,,,,0
1h3F09k4Lg0,,,,,,,,0
vshYGmnWQYg,,,,,,,,0
sPnS1SlpJvE,,,,,,,,0
u0qN9GUmqXc,,,,,,,,0
GQP47ijt4LI,,,,,,,,0
fQTcSrF_qbQ,,,,,,,,0
DOCzyB8zj-8,,,,,,,,0
djQwPAnhsnc,,,,,,,,0
pfmJtWEMEpo,,,,,,,,0
hVJ7hmq9FRw,,,,,,,,0
PCQUznDCLxg,,,,,,,,0
R2Zb5s_RrDU,,,,,,,,0
sz7cZ92xWn0,,,,,,,,0
dT_AFJqlUYc,,,,,,,,0
bP1ymDxplu4,,,,,,,,0
UkQYDWssFMQ,,,,,,,,0
9jmsW8nbDrw,,,,,,,,0
RdR0wv3dbME,,,,,,,,0
AR6sLpcVcSU,,,,,,,,0
0DuvyOKAc1I,,,,,,,,0
11c9cs6WpJU,,,,,,,,0
fTHYPGjaMu4,,,,,,,,0
lGg0LNZplVQ,,,,,,,,0
hsydvqDRfYY,,,,,,,,0
Byx4hQ0IRrM,,,,,,,,0
izigNiLpNPo,,,,,,,,0
OEU22e20tWw,,,,,,,,0
TQN8tkPxEXg,,,,,,,,0
h1_Uaqr2P0Y,,,,,,,,0
mr2mS0bk8P4,,,,,,,,0
BNCFks0WAq4,,,,,,,,0
YhBU92eyNRo,,,,,,,,0
YUPagM-OB_M,,,,,,,,0
9WvINKYWpPE,,,,,,,,0
413NPnwx-IM,,,,,,,,0
sKfAmFK6u8A,,,,,,,,0
CY63ZHQVF18,,,,,,,,0
ZF4snBjonEo,,,,,,,,0
P3RWunY1Irg,,,,,,,,0
famtkWTu3R0,,,,,,,,0
upRZ4a1a2YQ,,,,,,,,0
RkcCmmN0TY4,,,,,,,,0
vGiMmrPKLiU,,,,,,,,0
njNoXT19gHo,,,,,,,,0
x1N2XL100bM,,,,,,,,0
V_C6luIhvjg,,,,,,,,0
2Ot0pY4Zc9s,,,,,,,,0
Am8r7Qx7DrA,,,,,,,,0
ANt2vDuxVKM,,,,,,,,0
icipgz8T7dw,,,,,,,,0
nw6GOUtC2jY,,,,,,,,0
xjkj6b6QZ5s,,,,,,,,0
1iRC_MbzOGQ,,,,,,,,0
DY5xMgBQsOU,,,,,,,,0
t2c3IoNKlJI,,,,,,,,0
7uCmzPxcY30,,,,,,,,0
Mu5zCwyKDPE,,,,,,,,0
RIJDJ49WEgw,,,,,,,,0
8st0tzFZT1Y,,,,,,,,0
L9yFGtscyL8,,,,,,,,0
E_aI5nv0jKk,,,,,,,,0
6FdZcSb4VCw,,,,,,,,0
gjlzlqfoH9E,,,,,,,,0
JOvOiJ18VdY,,,,,,,,0
4PHI11lX11I,,,,,,,,0
HwhbtVgEBhQ,,,,,,,,0
WG54RdmhDDg,,,,,,,,0
I5mUeszk_Vs,,,,,,,,0
2L8Nyasyqd4,,,,,,,,0
yjZ9_lG57-g,,,,,,,,0
7o2-I6JAr4Q,,,,,,,,0
lywsIW6Gtis,,,,,,,,0
jerPVDaHbEA,,,,,,,,0
5HNCitWQ5X0,,,,,,,,0
MkNHPEVHX1w,,,,,,,,0
L_h7XFUGWAk,,,,,,,,0
WhPqljMldPQ,,,,,,,,0
rMOCxAa2QBU,,,,,,,,0
IbkRR3HFv3I,,,,,,,,0
e6PLpuuk8Eo,,,,,,,,0
W26PyKPJeZ8,,,,,,,,0
Im5pD-V7fS8,,,,,,,,0
9bnMXzl_UGA,,,,,,,,0
xc_X9GFVuVU,,,,,,,,0
HYcXgN9HaTM,,,,,,,,0
OBn4RsJy1VY,,,,,,,,0
AkiiEIB6Dso,,,,,,,,0
bfS1tja6I2w,,,,,,,,0
20fbgWm5M2o,,,,,,,,0
umOpZMfOkfc,,,,,,,,0
hPxD4hJZX8E,,,,,,,,0
IWqKMgiJbmQ,,,,,,,,0
iOItuj6q6lg,,,,,,,,0
rUMWjRE8L1U,,,,,,,,0
poT31RpAPKM,,,,,,,,0
szXbuO3bVRk,,,,,,,,0
zz7sVe6wzeM,,,,,,,,0
uWWCqQeet90,,,,,,,,0
qHISgnYkB7Y,,,,,,,,0
wsgOnIqOIco,,,,,,,,0
1WSYkae3U4A,,,,,,,,0
ggkhNhbBFvI,,,,,,,,0
yi6HrrAbYEM,,,,,,,,0
wxnye-JD1HE,,,,,,,,0
UIOm5pkhDYs,,,,,,,,0
PEKgm2W7UQA,,,,,,,,0
ocKJwkaKJGw,,,,,,,,0
300nGRerSrE,,,,,,,,0
sBh_VQjVaYE,,,,,,,,0
IT-7GY6JPok,,,,,,,,0
xDcGId3Wrb4,,,,,,,,0
JN0Dtv-5w3I,,,,,,,,0
boPyjojYHUY,,,,,,,,0
ak_YPomW6uo,,,,,,,,0
_7WkgoMxVpU,,,,,,,,0
s472NOd5jSs,,,,,,,,0
i6SOlq0mjuc,,,,,,,,0
XC0usnWEiGc,,,,,,,,0
CqKQIvEeIW8,,,,,,,,0
2mWgEQli4r4,,,,,,,,0
tvwDuub30oQ,,,,,,,,0
QiPs-4Z4dWs,,,,,,,,0
ttTO7CetjVk,,,,,,,,0
tUJVSaiNg0E,,,,,,,,0
72ccHMQKhIU,,,,,,,,0
qYY99ypm4qI,,,,,,,,0
DjfV0_r4xAw,,,,,,,,0
4SKiitJtI8c,,,,,,,,0
yysdd_Gfl18,,,,,,,,0
SJyhSU8PsTk,,,,,,,,0
ApmvZ0KZwI8,,,,,,,,0
TbS7S7lb9Es,,,,,,,,0
SHa-58-n6ew,,,,,,,,0
M9yxtQ6ZZnw,,,,,,,,0
h-Cx9Xs25gI,,,,,,,,0
QESi2dDRnrw,,,,,,,,0
__Uw1SXPW7s,,,,,,,,0
IFlXeFwA_2A,,,,,,,,0
rfG8ce4nNh0,,,,,,,,0
IQ15BnVUgis,,,,,,,,0
Fc5Q7FMvdgA,,,,,,,,0
PXqr58HEXiM,,,,,,,,0
925SY-xvuj8,,,,,,,,0
3zLQfuMZMF4,,,,,,,,0
N2XDRtLrK_E,,,,,,,,0
TgS3u1-xn-A,,,,,,,,0
NABSizporEk,,,,,,,,0
59LjcvPp7uI,,,,,,,,0
Q8qy1vM06Hg,,,,,,,,0
L_2WAwCkEQk,,,,,,,,0
WIBr3hN6KA0,,,,,,,,0
Ukv0j-L5SAc,,,,,,,,0
PG8u3ZK3ffM,,,,,,,,0
o--kcb17U_I,,,,,,,,0
ZzJ5bPLCKrs,,,,,,,,0
6sPkKIqcJ48,,,,,,,,0
4__Ck-B0s4g,,,,,,,,0
VwPIAX9WC80,,,,,,,,0
IB5A8b6Ip6M,,,,,,,,0
F51XcF9oUTk,,,,,,,,0
zDj9-iP1A4c,,,,,,,,0
W3dDSbBxoP8,,,,,,,,0
USx_56u_0zI,,,,,,,,0
I1uhfA0gn1g,,,,,,,,0
e1nxhJQyLYI,,,,,,,,0
6WUjbJEeJwM,,,,,,,,0
hP-qDZV_BZE,,,,,,,,0
MwVBzE7Z5gw,,,,,,,,0
WsQQvHm4lSw,,,,,,,,0
rCWOdfQ3cwQ,,,,,,,,0
zJXlPyz9FQs,,,,,,,,0
2N6A4ed8s58,,,,,,,,0
jLJLXka2wEM,,,,,,,,0
zOxaUlRkFG0,,,,,,,,0
FsC3do74UIo,,,,,,,,0
W1uKClY3sN4,,,,,,,,0
lbFDsSZxydk,,,,,,,,0
YiKeYcuyuoM,,,,,,,,0
NcoRlvM1dmg,,,,,,,,0
pJ0ckis1a6o,,,,,,,,0
sWSLLO3DS1I,,,,,,,,0
Gc3QvUB0PkI,,,,,,,,0
eWh03YXavf0,,,,,,,,0
BHRWArTFgTs,,,,,,,,0
vQerALNpNfo,,,,,,,,0
MO-AExWdl4Q,,,,,,,,0
g-Aym5nJheM,,,,,,,,0
3xdiyeLHisc,,,,,,,,0
d4CdMoucVfs,,,,,,,,0
hXOrQ0Ao4UE,,,,,,,,0
poZ2Jk8mUuU,,,,,,,,0
XOUwIdufY9Y,,,,,,,,0
sdYdnpYn-1o,,,,,,,,0
M5MaGUO0JDs,,,,,,,,0
AE-0gXXx_j0,,,,,,,,0
APRGt-zJCck,,,,,,,,0
g-M8FHslgdk,,,,,,,,0
qApgqt1Y4qA,,,,,,,,0
VJi8tSklSa8,,,,,,,,0
kVZRBjkB6_U,,,,,,,,0
Bo5dMwOTJEc,,,,,,,,0
3pXALn2ovIE,,,,,,,,0
qrOSqiPmgF8,,,,,,,,0
WUvTyaaNkzM,,,,,,,,0
1w7-wlDMZrA,,,,,,,,0
MXybaDmuBZ4,,,,,,,,0
6rXByMcuAyI,,,,,,,,0
9_3mbfchlQE,,,,,,,,0
n7YTTX-yOr0,,,,,,,,0
b2ZFpE_yrLg,,,,,,,,0
Vj2h31kceuY,,,,,,,,0
h7Z7yzyGwLk,,,,,,,,0
WR_au05vmqM,,,,,,,,0
fsNFZaRxzZY,,,,,,,,0
CTv877Wo7f4,,,,,,,,0
sci1pls4Lc8,,,,,,,,0
YFwDVViULiA,,,,,,,,0
xKOBLOEQ7ic,,,,,,,,0
AkUa9Fkz2rw,,,,,,,,0
5M2RWtD4EzI,,,,,,,,0
0MDPOWSwizQ,,,,,,,,0
daAp4uWSJeE,,,,,,,,0
xqCrDN2TAQg,,,,,,,,0
lQw6s7kpT7c,,,,,,,,0
UscO9b37qHg,,,,,,,,0
4yJmhZBB40w,,,,,,,,0
_YRc9MIhLsw,,,,,,,,0
dgm4-3-Iv3s,,,,,,,,0
5rr62-SbSYs,,,,,,,,0
_dmHLxqbXYU,,,,,,,,0
xbDcjjYYLws,,,,,,,,0
jD2InfX_96I,,,,,,,,0
PPQusjYnZJk,,,,,,,,0
VkVAx09sc1k,,,,,,,,0
kuOxDh3egN0,,,,,,,,0
t_goa94UAsU,,,,,,,,0
NmfRQUZGoHI,,,,,,,,0
VXtV50HrlSU,,,,,,,,0
UjTTx2eYrx8,,,,,,,,0
EulLe656F4k,,,,,,,,0
2I-_SV8cwsw,,,,,,,,0
w_KiHgultbM,,,,,,,,0
iDSc2o-wE4I,,,,,,,,0
e0E8Is_G_p4,,,,,,,,0
eLPBx8YqliY,,,,,,,,0
To8ljWDfk9U,,,,,,,,0
tM4RWc9ryx0,,,,,,,,0
aeB5BWY0RlE,,,,,,,,0
lHLzhuhZVi0,,,,,,,,0
x9cZ0G0lFCE,,,,,,,,0
vFEUfRCa-HY,,,,,,,,0
SduCO-r_TOA,,,,,,,,0
ocgjfF2AboA,,,,,,,,0
pKgrUhiWZww,,,,,,,,0
zXq94eUulZs,,,,,,,,0
f9SJz4-UaQQ,,,,,,,,0
0_CbJcFj1ek,,,,,,,,0
BewmQmnFXdI,,,,,,,,0
m7n82lklEZo,,,,,,,,0
JZUtMjV-pmo,,,,,,,,0
JTFMeSCxgcA,,,,,,,,0
xec6HTcn2M8,,,,,,,,0
ND9cEdfCFr0,,,,,,,,0
7sLnEs8xV_g,,,,,,,,0
3ZzcV5cRE2I,,,,,,,,0
jJ0xCnrVd4E,,,,,,,,0
DNDAwWIL5FY,,,,,,,,0
Rl0IcK8PyMk,,,,,,,,0
gJKpZpXeDYU,,,,,,,,0
oKX08mghmwo,,,,,,,,0
dKecT2jZkxI,,,,,,,,0
xaCPDMEkbig,,,,,,,,0
C3DS0tqK2TY,,,,,,,,0
D9dqdbCgJQM,,,,,,,,0
xmhDDkp_NW0,,,,,,,,0
QLHJl2_aM5Q,,,,,,,,0
7iy83x8bv6o,,,,,,,,0
hWgpbmbjYSs,,,,,,,,0
QlwHYGBkick,,,,,,,,0
RMw0Li5ecu8,,,,,,,,0
2YQcYG60lTc,,,,,,,,0
qV2Cgs5xsJY,,,,,,,,0
ZLMrZdhDJ5Y,,,,,,,,0
qMRjPzJpy34,,,,,,,,0
I3GWzXRectE,,,,,,,,0
0YeON4p0ogw,,,,,,,,0
FYARUO8NJBc,,,,,,,,0
aF4o_c46VnI,,,,,,,,0
7lmxqR8u1qM,,,,,,,,0
BJ_0FURo9RE,,,,,,,,0
tswtT0sxnUU,,,,,,,,0
Ce3Oh1nen1o,,,,,,,,0
989TJ-9_ERI,,,,,,,,0
pC9B3jUbwXE,,,,,,,,0
sOrKf3VMt3E,,,,,,,,0
YTKQswb60Pw,,,,,,,,0
ixzIa3JDAoU,,,,,,,,0
2_kp6QCevxc,,,,,,,,0
swF628VHQDo,,,,,,,,0
sI-aQSbGGSA,,,,,,,,0
eDh9VuCkMVQ,,,,,,,,0
Fc5Q7FMvdgA,,,,,,,,0
u-SHPxxLv7w,,,,,,,,0
j8nFckY6784,,,,,,,,0
weVooxmJHpI,,,,,,,,0
SAHSVg7Jw_A,,,,,,,,0
925SY-xvuj8,,,,,,,,0
0RfmYTtb9F8,,,,,,,,0
jDecy4Dvv5o,,,,,,,,0
GsQZ4SpVbKo,,,,,,,,0
ocCtoIIppzM,,,,,,,,0
I7RWAQgMRVI,,,,,,,,0
0HyM3nM87mk,,,,,,,,0
BZzl6XzrVzM,,,,,,,,0
lDUZKCM0MpQ,,,,,,,,0
wjNeoR6ePZU,,,,,,,,0
HHAHiEgtyT8,,,,,,,,0
OEOHBvrbVWU,,,,,,,,0
EAxGhfzNHXU,,,,,,,,0
g55C3-P3-bk,,,,,,,,0
GDEPZGZzwWk,,,,,,,,0
UVmaxfdyed4,,,,,,,,0
gSWjIxt5wVE,,,,,,,,0
rnCz2O2Xueg,,,,,,,,0
kSMzhhm9TlQ,,,,,,,,0
RwvLHIDd8iQ,,,,,,,,0
Xo-qPaYby6s,,,,,,,,0
CFrRZXCQauw,,,,,,,,0
JGRafLYOFYE,,,,,,,,0
m-v29QUT8D0,,,,,,,,0
Q3GM1IAC-i8,,,,,,,,0
tB3wJ-bwdZc,,,,,,,,0
_Etf_LfjJVo,,,,,,,,0
fsNFZaRxzZY,,,,,,,,0
rveuCHNkaC4,,,,,,,,0
5N1zkD2B6so,,,,,,,,0
CwkwvYJ3eQw,,,,,,,,0
Fo9Xc6SK084,,,,,,,,0
0gKWF3WqMO8,,,,,,,,0
qpHGhiyQ8Yk,,,,,,,,0
FQYyNE5imSM,,,,,,,,0
hXF4kw2L0Ig,,,,,,,,0
F50f7x2vk5A,,,,,,,,0
pnJum9pL1Cg,,,,,,,,0
wYndOvXkE24,,,,,,,,0
Nthh0I5ROkI,,,,,,,,0
yMQjCFvMFgA,,,,,,,,0
2qm2_O3HE10,,,,,,,,0
Fx10QvjpZrc,,,,,,,,0
K0M64gorFnA,,,,,,,,0
OJ5Stu7tmvk,,,,,,,,0
dzkLmONFVH0,,,,,,,,0
85p9L8jZLvo,,,,,,,,0
n321YUIb-k0,,,,,,,,0
IE5tAyIQviE,,,,,,,,0
D5sT1br9soI,,,,,,,,0
IszQpNhqbzE,,,,,,,,0
6oT9M_q5CYQ,,,,,,,,0
A66Yodj_DUM,,,,,,,,0
db7d_a0wiUg,,,,,,,,0
xLpelmtRPD8,,,,,,,,0
CEU8SBXiE3s,,,,,,,,0
X2Z0tJG0rjU,,,,,,,,0
pfCwRLK29h4,,,,,,,,0
4KDenLHggDM,,,,,,,,0
xnspzvb13qM,,,,,,,,0
q9OKSd94nB0,,,,,,,,0
TN72gy5iK6k,,,,,,,,0
pWNnmbjNznE,,,,,,,,0
AP33TvsTRBI,,,,,,,,0
sDn_JK71UIo,,,,,,,,0
snkJouU-13s,,,,,,,,0
Gd3wVcohvNQ,,,,,,,,0
J5XWbZuOA2g,,,,,,,,0
vKBQVjrV8Po,,,,,,,,0
uy7KliLO0gI,,,,,,,,0
jc0md5xkHYY,,,,,,,,0
P1XLHlbJxsM,,,,,,,,0
j29JfcGzGk0,,,,,,,,0
bDgjKBcxG5I,,,,,,,,0
m4xu6gq9VYU,,,,,,,,0
mTQcNSo1otU,,,,,,,,0
4KDenLHggDM,,,,,,,,0
YoVgNE4lKSk,,,,,,,,0
QXe4RkESn2o,,,,,,,,0
cc4c0URgUzM,,,,,,,,0
YVmHw72-otA,,,,,,,,0
_GVmxGYqqFA,,,,,,,,0
Oc1_6GUPnoc,,,,,,,,0
5hRvsMamJRM,,,,,,,,0
s61CajosX8c,,,,,,,,0
14O1QDBTHog,,,,,,,,0
IvXED51OTDc,,,,,,,,0
nss5ADMOKkQ,,,,,,,,0
5-aHjRECJKw,,,,,,,,0
VDtY8UoD6vk,,,,,,,,0
6ZiHHHZaMiE,,,,,,,,0
ybLX_nFqPw8,,,,,,,,0
2iE-FLrP_V0,,,,,,,,0
YELb3BD25p0,,,,,,,,0
5ahqYjDbmto,,,,,,,,0
Tw7nZdSO7tM,,,,,,,,0
05oZqpr4vcY,,,,,,,,0
GZgVPhGI5bw,,,,,,,,0
OTX4ntH40MQ,,,,,,,,0
2_ZkKfT_j18,,,,,,,,0
u-yOis7twmA,,,,,,,,0
NrgJ-j4Rs58,,,,,,,,0
BZR9Kld-4_0,,,,,,,,0
UwoXdNM3N0o,,,,,,,,0
CR5k6W73i3U,,,,,,,,0
qmBAqippqtY,,,,,,,,0
or-pZ72zjMA,,,,,,,,0
ds2_NyxxbwA,,,,,,,,0
Gt5ApX3oIN0,,,,,,,,0
99BzGd0KoW0,,,,,,,,0
RglnnEVaVTI,,,,,,,,0
IC1F2z4cm7s,,,,,,,,0
6AZNKv_TU3Y,,,,,,,,0
yiLUsXaJOkQ,,,,,,,,0
Xv_YShlVhu0,,,,,,,,0
AYXAWi_XLOI,,,,,,,,0
0J65aqRJ_uM,,,,,,,,0
Kss13U-hvPk,,,,,,,,0
WsQQvHm4lSw,,,,,,,,0
MO-AExWdl4Q,,,,,,,,0
WUvTyaaNkzM,,,,,,,,0
rZw-wXFwhIU,,,,,,,,0
AxHvKoBj62Y,,,,,,,,0
HfACrKJ_Y2w,,,,,,,,0
IFlXeFwA_2A,,,,,,,,0
1bH_ukYn81c,,,,,,,,0
7vYso22bBJM,,,,,,,,0
0Be_6Qaq1es,,,,,,,,0
kuOxDh3egN0,,,,,,,,0
eI4an8aSsgw,,,,,,,,0
u4XYcPdpYb8,,,,,,,,0
3zOtLEeHygg,,,,,,,,0
YFwDVViULiA,,,,,,,,0
UukVP7Mg3TU,,,,,,,,0
uqwC41RDPyg,,,,,,,,0
1bH_ukYn81c,,,,,,,,0
4d7p_0Nah_Y,,,,,,,,0
JyX3DjazDH0,,,,,,,,0
8AIWJZWr-A0,,,,,,,,0
vOv4-_ZiWM0,,,,,,,,0
XNhisc0kwTE,,,,,,,,0
R4cyAbTdF3s,,,,,,,,0
4__Ck-B0s4g,,,,,,,,0
7vYso22bBJM,,,,,,,,0
VwPIAX9WC80,,,,,,,,0
ihO47uQDmnA,,,,,,,,0
bBSYoA8z8sw,,,,,,,,0
GegFPgBbujQ,,,,,,,,0
ymUwbktP7wU,,,,,,,,0
q_J5-m7jpwQ,,,,,,,,0
m_bZj9oNKPM,,,,,,,,0
KKD3VriJrJM,,,,,,,,0
kuOxDh3egN0,,,,,,,,0
qb40J4N1fa4,,,,,,,,0
IFlXeFwA_2A,,,,,,,,0
uqwC41RDPyg,,,,,,,,0
w3GV9pumczQ,,,,,,,,0
UukVP7Mg3TU,,,,,,,,0
riXcZT2ICjA,,,,,,,,0
5M2RWtD4EzI,,,,,,,,0
RcVA8Nj6HEo,,,,,,,,0
FdBf44rp0LU,,,,,,,,0
tt2DGYOi3hc,,,,,,,,0
NjvwWiCYLl4,,,,,,,,0
NfTO8CToMkc,,,,,,,,0
YNstP0ESndU,,,,,,,,0
rfG8ce4nNh0,,,,,,,,0
9_3mbfchlQE,,,,,,,,0
S0_qX4VJhMQ,,,,,,,,0
YG15m2VwSjA,,,,,,,,0
3d6DsjIBzJ4,,,,,,,,0
z6PXviT86tI,,,,,,,,0
q1iSmAh3n-c,,,,,,,,0
7K1sB05pE0A,,,,,,,,0
s-y_lnzWQjk,,,,,,,,0
N2PpRnFqnqY,,,,,,,,0
tIeHLnjs5U8,,,,,,,,0
PWTdiAYQ2Cs,,,,,,,,0
AKmuk0OM-DM,,,,,,,,0
ViPNHMSUcog,,,,,,,,0
FdBf44rp0LU,,,,,,,,0
5yfh5cf4-0w,,,,,,,,0
TzDhdvVg9_c,,,,,,,,0
7ADkMuxeENc,,,,,,,,0
GiCojsAWRj0,,,,,,,,0
WjJ-kpgps1c,,,,,,,,0
FnJqaIESC2s,,,,,,,,0
7vYso22bBJM,,,,,,,,0
5kwz7ajxfyA,,,,,,,,0
lAlFSHSJN0s,,,,,,,,0
wK8WuTEc0ns,,,,,,,,0
hN0yBctuMqU,,,,,,,,0
EXG2Z1RpVwU,,,,,,,,0
L4d-bUcIAe4,,,,,,,,0
rBVi_9qAKTU,,,,,,,,0
pMWxnjgvUQM,,,,,,,,0
WmBzmHru78w,,,,,,,,0
9vKqVkMQHKk,,,,,,,,0
UcWsDwg1XwM,,,,,,,,0
__Uw1SXPW7s,,,,,,,,0
yfajBIaDf1Q,,,,,,,,0
2N6A4ed8s58,,,,,,,,0
e7QjCL7lQM4,,,,,,,,0
gMlf1ELvRzc,,,,,,,,0
Ow6Y-g4nRls,,,,,,,,0
AxHvKoBj62Y,,,,,,,,0
Bjnj8-HMjIA,,,,,,,,0
f9-fjLyhSSc,,,,,,,,0
kfF40MiS7zA,,,,,,,,0
j6I3EXiKB2A,,,,,,,,0
2kyQ1YuzOBM,,,,,,,,0
AVWrB1vt5nM,,,,,,,,0
infTvQRD494,,,,,,,,0
8stueNPVl-I,,,,,,,,0
I3GWzXRectE,,,,,,,,0
7gigNsz4Oe8,,,,,,,,0
3dVaOT3pQqc,,,,,,,,0
54_XRjHhZzI,,,,,,,,0
JvUvxN-A5O4,,,,,,,,0
S0mXGugEifA,,,,,,,,0
YFwDVViULiA,,,,,,,,0
AitQQu2mFm0,,,,,,,,0
5YfHYhmxdYA,,,,,,,,0
RZ1Extuvcsw,,,,,,,,0
U5TKKtfBEAE,,,,,,,,0
m2MIpDrF7Es,,,,,,,,0
DZQy2RDaSW4,,,,,,,,0
HGwLmX41cn4,,,,,,,,0
JAf_aSIJryg,,,,,,,,0
alUkVWVEP10,,,,,,,,0
2n41IqOMbdc,,,,,,,,0
p_di4Zn4wz4,,,,,,,,0
yBP69b0TQ90,,,,,,,,0
b4wRMQMvRy8,,,,,,,,0
_gypISIPOmU,,,,,,,,0
_D82_Wni7w4,,,,,,,,0
KFhtxNO-zD8,,,,,,,,0
lx8RcYcYVuU,,,,,,,,0
uKUzvk5_FF8,,,,,,,,0
NOglHJpFpbw,,,,,,,,0
aeB5BWY0RlE,,,,,,,,0
0aBJS2D9WZU,,,,,,,,0
DTEDY95V9Dc,,,,,,,,0
NY3yWXWjYjA,,,,,,,,0
rj_h8mo06Os,,,,,,,,0
CEbfT68rvUo,,,,,,,,0
aFczzFYjUec,,,,,,,,0
wPSnOqOJYM4,,,,,,,,0
HaHsqDjWMLU,,,,,,,,0
OsRodWubZY8,,,,,,,,0
UKrrX47_kmg,,,,,,,,0
EPe86sveyRY,,,,,,,,0
bCwZ_w9McEY,,,,,,,,0
fYyARMqiaag,,,,,,,,0
rB83DpBJQsE,,,,,,,,0
hRSuQMLM-cs,,,,,,,,0
dkl30KIN2Sk,,,,,,,,0
QVdQBMDWprg,,,,,,,,0
t-wOv08p_ag,,,,,,,,0
aM2KyP-b4LM,,,,,,,,0
UjTTx2eYrx8,,,,,,,,0
38nDV679Hao,,,,,,,,0
UYiw2YdAuiI,,,,,,,,0
f9-fjLyhSSc,,,,,,,,0
gh8EVe2QJDU,,,,,,,,0
infTvQRD494,,,,,,,,0
DQzIoPfUVII,,,,,,,,0
ly4S0oi3Yz8,,,,,,,,0
_lh5DpKq3Ts,,,,,,,,0
RMw0Li5ecu8,,,,,,,,0
tsHRBcP9x6Y,,,,,,,,0
49LqdebQB3U,,,,,,,,0
sdYdnpYn-1o,,,,,,,,0
Scxja4LMAtk,,,,,,,,0
VSqOZNULRjQ,,,,,,,,0
nIJQPX5kxp4,,,,,,,,0
H9eCT6f_Ftw,,,,,,,,0
RE1qFUEq3hg,,,,,,,,0
DrDXMs-p5ik,,,,,,,,0
APRGt-zJCck,,,,,,,,0
LGY-DjFsALc,,,,,,,,0
ptWca2MD1XA,,,,,,,,0
AegzQ_dip8k,,,,,,,,0
4VUWIiudCk0,,,,,,,,0
tDPp5uWSIiU,,,,,,,,0
Xq0YEXPwi4Y,,,,,,,,0
I0vDXO5FeaI,,,,,,,,0
HvGjU4oEzyE,,,,,,,,0
Mw8qjfK9Ygs,,,,,,,,0
qMVrLhk1M28,,,,,,,,0
G-ti56DEXE8,,,,,,,,0
GyRzdTwN1jw,,,,,,,,0
xt6KgxxUvFg,,,,,,,,0
FLAm7Hqm-58,,,,,,,,0
xlD3E635IPU,,,,,,,,0
i4fzRS7P7IA,,,,,,,,0
WT7oxiiFYt8,,,,,,,,0
WWv51mRpqe8,,,,,,,,0
BhMKmovNjvc,,,,,,,,0
0YeON4p0ogw,,,,,,,,0
jECKhD4Drww,,,,,,,,0
zXq94eUulZs,,,,,,,,0
vbtm1CtLO_0,,,,,,,,0
J8pJv-8XWS0,,,,,,,,0
dgm4-3-Iv3s,,,,,,,,0
om8OkTVrSbU,,,,,,,,0
tXVHu4Vz1SI,,,,,,,,0
f9SJz4-UaQQ,,,,,,,,0
boFdHPFqVIw,,,,,,,,0
0WX62F7mUUI,,,,,,,,0
sWSLLO3DS1I,,,,,,,,0
PqQ5v94_NGM,,,,,,,,0
V239IIoGVT8,,,,,,,,0
ZkVkfIPasyg,,,,,,,,0
xnwoYidr40o,,,,,,,,0
zEqcW4l9XEI,,,,,,,,0
DNDAwWIL5FY,,,,,,,,0
zOxaUlRkFG0,,,,,,,,0
PvdZM_dodvU,,,,,,,,0
FIbpibkywmk,,,,,,,,0
qEVNL_uTEUw,,,,,,,,0
9bLhLTBFg5Y,,,,,,,,0
iNBSu_iHnn0,,,,,,,,0
XOUwIdufY9Y,,,,,,,,0
ps-r4nti5Go,,,,,,,,0
pfCwRLK29h4,,,,,,,,0
2ztT1mjPp1U,,,,,,,,0
ND9cEdfCFr0,,,,,,,,0
A6Ad7VnSlZE,,,,,,,,0
oixVk-jA3vM,,,,,,,,0
SAHSVg7Jw_A,,,,,,,,0
UID893EosM8,,,,,,,,0
NmLljBAg82o,,,,,,,,0
k0z8I6HAcDg,,,,,,,,0
_dmHLxqbXYU,,,,,,,,0
jFZTphPE1Ws,,,,,,,,0
et7nT2Gu1mI,,,,,,,,0
UPmW94LvVwY,,,,,,,,0
XvGcQU2TSos,,,,,,,,0
kJY75KhYikM,,,,,,,,0
tGVnBAHLApA,,,,,,,,0
UjTTx2eYrx8,,,,,,,,0
FsC3do74UIo,,,,,,,,0
xec6HTcn2M8,,,,,,,,0
PoITUGvLY8s,,,,,,,,0
FnJqaIESC2s,,,,,,,,0
E9GCFo5WHEQ,,,,,,,,0
x51e3YkKbeI,,,,,,,,0
lSi9WqkI65g,,,,,,,,0
C3DS0tqK2TY,,,,,,,,0
Y3mhvgchYwY,,,,,,,,0
cmMQ8bHb65U,,,,,,,,0
c8W9_iaERnU,,,,,,,,0
YTKQswb60Pw,,,,,,,,0
hxcUaUkzi-0,,,,,,,,0
_TDctlDRc2k,,,,,,,,0
ox5MrhZJBAY,,,,,,,,0
QLHJl2_aM5Q,,,,,,,,0
6kcr-g-rHeQ,,,,,,,,0
oLCG9Smetn0,,,,,,,,0
GsN--uQJy7Y,,,,,,,,0
caXs1CoKjfk,,,,,,,,0
T3McJeGuAiw,,,,,,,,0
n8INiRsZzFs,,,,,,,,0
QLHJl2_aM5Q,,,,,,,,0
iIQ_znFbTww,,,,,,,,0
h2Bqx9ZV48A,,,,,,,,0
8IEZSf_AcDA,,,,,,,,0
1FICxdXswIs,,,,,,,,0
q-MFZYhneSg,,,,,,,,0
IFlXeFwA_2A,,,,,,,,0
q3ZU0GnGaxA,,,,,,,,0
rfG8ce4nNh0,,,,,,,,0
kyzh0UD1L-M,,,,,,,,0
RKuyaKspjg4,,,,,,,,0
hFRtIJcyFYA,,,,,,,,0
zyvqghYLOFI,,,,,,,,0
XrgayOqbPoA,,,,,,,,0
sGBy1tGr6CU,,,,,,,,0
ctEpKZyxqFU,,,,,,,,0
8DtQjeP3pB8,,,,,,,,0
U3u0PF7n-xg,,,,,,,,0
a1x5qfOcZ0w,,,,,,,,0
DVmF0eyARSc,,,,,,,,0
tPxIXNgMHfE,,,,,,,,0
ZKj7hWbkR7c,,,,,,,,0
WsQQvHm4lSw,,,,,,,,0
dG5jKkGJIjw,,,,,,,,0
RaKah-WWTkE,,,,,,,,0
3Ptc3EPC1Es,,,,,,,,0
g-l13hjukiI,,,,,,,,0
5g49quVFv4M,,,,,,,,0
O_TkJh8xAcM,,,,,,,,0
Z2_Cot9Ag4s,,,,,,,,0
iC9GtXYeULQ,,,,,,,,0
DMsBzGCNHQk,,,,,,,,0
lQM-0Nqs9Pg,,,,,,,,0
XDqbYFiCwOE,,,,,,,,0
PpCMZH0O3wQ,,,,,,,,0
LrMHnkqg0zQ,,,,,,,,0
JnuFCXYhuz4,,,,,,,,0
_tp01xs2OG0,,,,,,,,0
m1e1tK2aVuU,,,,,,,,0
m-6psP0zwzw,,,,,,,,0
ADdXKowpWuo,,,,,,,,0
F0uuW-I6icY,,,,,,,,0
azQqtVIPDWg,,,,,,,,0
l0eVNtqwSPA,,,,,,,,0
zwEoBhuyJq4,,,,,,,,0
WUvTyaaNkzM,,,,,,,,0
a-ruGH686-U,,,,,,,,0
xR4AnXDBnsw,,,,,,,,0
vEQa39qqZTs,,,,,,,,0
DNDAwWIL5FY,,,,,,,,0
jCFtJZ-DcuE,,,,,,,,0
wWCT_573w8g,,,,,,,,0
weYEp8lTkdI,,,,,,,,0
hws_bl-edqM,,,,,,,,0
8pqByMamHP4,,,,,,,,0
Hzwp0a0KR8s,,,,,,,,0
ZhnOTrMp5TM,,,,,,,,0
Gf1udetB45Y,,,,,,,,0
riEx7TcLfzk,,,,,,,,0
otA0aCjlou0,,,,,,,,0
OaCVdzr3MjM,,,,,,,,0
7R_DTzVHw5Y,,,,,,,,0
GQ6cDvY8K9g,,,,,,,,0
4bSfhRz7QV8,,,,,,,,0
B5441_DREY0,,,,,,,,0
F8ef2wEUMZs,,,,,,,,0
KrpAZnnx0uM,,,,,,,,0
A_vSMlXH3sg,,,,,,,,0
aRG8Ty-W4hE,,,,,,,,0
DvRLn4CWTQ8,,,,,,,,0
oeUE60Xf2pA,,,,,,,,0
Tz14rC0XvHI,,,,,,,,0
IQ4LGQRBhrc,,,,,,,,0
SAHSVg7Jw_A,,,,,,,,0
DidtrBipEEI,,,,,,,,0
36NCVHGRCqU,,,,,,,,0
SERkAlt1Wuk,,,,,,,,0
cG3e0Zv70fE,,,,,,,,0
DPkwCOICIF4,,,,,,,,0
MNU5DT-CDrc,,,,,,,,0
c7wur9Lixb0,,,,,,,,0
hQIPN7R9jM8,,,,,,,,0
5XreKMJDJsg,,,,,,,,0
LOP8PQw-inw,,,,,,,,0
IQ15BnVUgis,,,,,,,,0
p_KApjpyBHE,,,,,,,,0
YuP1GocyG0o,,,,,,,,0
-7sDQmvncK4,,,,,,,,0
__Uw1SXPW7s,,,,,,,,0
Rn9Gr52zhrY,,,,,,,,0
AX6chdrpYww,,,,,,,,0
XmbQR5G3YFY,,,,,,,,0
gDlesflIVNc,,,,,,,,0
Tc4Ix6NmKZE,,,,,,,,0
1p0NHR5w0Lc,,,,,,,,0
1AVtslXytRA,,,,,,,,0
gifQWtTWqEY,,,,,,,,0
Jc_vGvs_ksE,,,,,,,,0
qMXPnfx2MQM,,,,,,,,0
g__q9RkcOk8,,,,,,,,0
CpOwiynESaQ,,,,,,,,0
QiRDywhCiyE,,,,,,,,0
8XKzY4HBhVw,,,,,,,,0
8w9l99W8ucY,,,,,,,,0
TwKxDApaxVo,,,,,,,,0
gwFa8T-PYls,,,,,,,,0
IQEUkK003Iw,,,,,,,,0
CXCtqBlEZ7g,,,,,,,,0
TvHoZZqlXvk,,,,,,,,0
AVSEcx68VWc,,,,,,,,0
RfYWywYOejg,,,,,,,,0
BIzAbnG2qOw,,,,,,,,0
4ZiO_eaj9Ag,,,,,,,,0
nWIwplQ7b2s,,,,,,,,0
ZxktqEfu0f0,,,,,,,,0
AkUa9Fkz2rw,,,,,,,,0
Mw3MeDLL8d4,,,,,,,,0
ghxEOz9rmwE,,,,,,,,0
4vLy5VoUcQE,,,,,,,,0
iPCbEOCPjIc,,,,,,,,0
r86o36bC83E,,,,,,,,0
zo4Z7FJ8EXE,,,,,,,,0
uKxCuR3C0Kc,,,,,,,,0
mu4YHclzTeE,,,,,,,,0
9zv1uY5DGs0,,,,,,,,0
MQDchL33Qx8,,,,,,,,0
x51e3YkKbeI,,,,,,,,0
HwuvXcxz9fg,,,,,,,,0
cjG37VlQ3js,,,,,,,,0
B8WYjWiw5YM,,,,,,,,0
8Gs5hCSdPcM,,,,,,,,0
0AKMlJPhwVs,,,,,,,,0
jGTsE2w4lvI,,,,,,,,0
0_CbJcFj1ek,,,,,,,,0
1Mp8Cxk-G7Y,,,,,,,,0
jWkYWIhiMZM,,,,,,,,0
fsXa0cisxgQ,,,,,,,,0
MO-AExWdl4Q,,,,,,,,0
Ke8W9U5SXf4,,,,,,,,0
IVBLep2sUQI,,,,,,,,0
wYndOvXkE24,,,,,,,,0
Zn-EvkKnGU4,,,,,,,,0
K-H86pxiBlk,,,,,,,,0
ltGWqi7lyMo,,,,,,,,0
wznyZJocud4,,,,,,,,0
pQJQon7q8gI,,,,,,,,0
MrT3hdccoOQ,,,,,,,,0
vVUfaGStGf0,,,,,,,,0
kphCDmu9oF4,,,,,,,,0
rVZrtlnsPok,,,,,,,,0
kRN5vJLe8jA,,,,,,,,0
PK7HZiFG_VI,,,,,,,,0
__i76wOpSW0,,,,,,,,0
ae1eLUjAves,,,,,,,,0
7TIbwN4_P9g,,,,,,,,0
ababz5feAq8,,,,,,,,0
poMWImK9UIQ,,,,,,,,0
S61cPUq2Ru8,,,,,,,,0
JbEbhv8ybmE,,,,,,,,0
xG0aLQxbQEQ,,,,,,,,0
9J1nD2w_vyc,,,,,,,,0
g_Eq5amajr4,,,,,,,,0
lx8RcYcYVuU,,,,,,,,0
INZ4O1TEZbI,,,,,,,,0
0Gnk0BLuUuM,,,,,,,,0
Lbg1M0PTy1A,,,,,,,,0
B8-e9A_zy1g,,,,,,,,0
WqRPFvZWF0k,,,,,,,,0
zEEJMRsNn3I,,,,,,,,0
u107kRfLIxk,,,,,,,,0
2_ZkKfT_j18,,,,,,,,0
FmfxSFthzRc,,,,,,,,0
dso0Gnv4WIE,,,,,,,,0
NjvwWiCYLl4,,,,,,,,0
JSGlBHAGvy4,,,,,,,,0
WV0kvv9M_vQ,,,,,,,,0
1lON4n_pQ5w,,,,,,,,0
024LJbuf6HU,,,,,,,,0
fMBkej6hk1Q,,,,,,,,0
9IEq5JsNtxI,,,,,,,,0
aesw9FeSXjI,,,,,,,,0
RVWyGocQ__M,,,,,,,,0
rx2qytBuVWM,,,,,,,,0
aeB5BWY0RlE,,,,,,,,0
jJeNqvhvKRI,,,,,,,,0
HXfN_5TVRXU,,,,,,,,0
rZaZTgUQO_E,,,,,,,,0
_s2fQ2TQXEM,,,,,,,,0
ErO4SLwoTmw,,,,,,,,0
8W1WH72v_aY,,,,,,,,0
7EqRRuh-5Lk,,,,,,,,0
5AhiO1173To,,,,,,,,0
FzOxDuaBWEY,,,,,,,,0
T55OT-un5-4,,,,,,,,0
mzdWhFh3050,,,,,,,,0
ctkYl2YlG0M,,,,,,,,0
eHo7UyWnCNg,,,,,,,,0
estH4XPKhVU,,,,,,,,0
GNcFjFmqEc8,,,,,,,,0
4-3gkpvyf5Q,,,,,,,,0
EU7qDtwojwU,,,,,,,,0
sjSOxexIVQQ,,,,,,,,0
iLIFV7dWDos,,,,,,,,0
fz143Q03wz0,,,,,,,,0
UubU3U2C8WM,,,,,,,,0
70NQ3ISYihw,,,,,,,,0
SAVpWomsiVI,,,,,,,,0
JTVNUdL7sWs,,,,,,,,0
FS3JxZmZnYY,,,,,,,,0
jYiT3NVABkQ,,,,,,,,0
21PQ50L_q8k,,,,,,,,0
cy8r7WSuT1I,,,,,,,,0
6SguVH-doHY,,,,,,,,0
gHBL5Zau3NE,,,,,,,,0
jO4lwddfeDA,,,,,,,,0
KnP-pvzPa4o,,,,,,,,0
NoF8vEcQGvY,,,,,,,,0
7ioD7CNpdmE,,,,,,,,0
v7HNzT1yt9Q,,,,,,,,0
AwexTsDxUlA,,,,,,,,0
SWu_i-19Rn0,,,,,,,,0
1uWEDEtHlC4,,,,,,,,0
D5sT1br9soI,,,,,,,,0
XNTUGGAhGJA,,,,,,,,0
MM0FTzvedH4,,,,,,,,0
7EFYoQ6H7Tw,,,,,,,,0
4ROwU-LFigo,,,,,,,,0
cwE5Kr2wGZo,,,,,,,,0
2SVkonZPAV4,,,,,,,,0
5-TKfOzwu9w,,,,,,,,0
tZgiIo79k1E,,,,,,,,0
zjTvIk9UQYk,,,,,,,,0
K2r0SkOy3Iw,,,,,,,,0
f7slKV01ax0,,,,,,,,0
8LelWM8lmkY,,,,,,,,0
u5y7xvj7dOM,,,,,,,,0
2tuBREK_mgE,,,,,,,,0
8PnfTDYflTQ,,,,,,,,0
CjF_yQ2N638,,,,,,,,0
X-MVjALEAN4,,,,,,,,0
ujK-zB2ucXU,,,,,,,,0
k4tEDFgOIEc,,,,,,,,0
KA4G9mWONvU,,,,,,,,0
Fy7zQEMirY0,,,,,,,,0
nGBG05yi__E,,,,,,,,0
L36Nu16FXZw,,,,,,,,0
USiKDtILhmc,,,,,,,,0
bSx1WGhz8qA,,,,,,,,0
Gc3QvUB0PkI,,,,,,,,0
UNNXPxekbl8,,,,,,,,0
db7d_a0wiUg,,,,,,,,0
nrVh12p8YJY,,,,,,,,0
_9Js5o5c4Lg,,,,,,,,0
kcQmnRSsHF4,,,,,,,,0
pvLj1s7SOtk,,,,,,,,0
tKL4DUASQMk,,,,,,,,0
ESUvyz9ll08,,,,,,,,0
rCWOdfQ3cwQ,,,,,,,,0
HWUVJJJMwRU,,,,,,,,0
B0MbPVsr7Zc,,,,,,,,0
ssJbviFrCH0,,,,,,,,0
ikzFqgwSs3k,,,,,,,,0
4GriCofiLPo,,,,,,,,0
VmwuB8fiObE,,,,,,,,0
yaSOGR0xb90,,,,,,,,0
YokKp3pwVFc,,,,,,,,0
0M0aVcI7J7o,,,,,,,,0
grYJ95jZQlM,,,,,,,,0
G8FGTZUPE-Q,,,,,,,,0
tM4RWc9ryx0,,,,,,,,0
4o79_FDNcmY,,,,,,,,0
M85_r3pZ5YA,,,,,,,,0
paaASV6phVg,,,,,,,,0
suVcTxD9lYw,,,,,,,,0
TrmQBLA4Jfg,,,,,,,,0
WadV9GNRd_0,,,,,,,,0
Bls5KnQOWkY,,,,,,,,0
Xqp5KwLwgrI,,,,,,,,0
Ij4dr_nCqf0,,,,,,,,0
vYmemgPa87I,,,,,,,,0
C9z3FXS7nlo,,,,,,,,0
qEU2oKUNosA,,,,,,,,0
dEAk0BHBYCM,,,,,,,,0
prFyzRoCj3w,,,,,,,,0
hiDCX1Tfwr0,,,,,,,,0
70zQzMPNIKQ,,,,,,,,0
4Ad7duRYJgU,,,,,,,,0
UPKkqSi6qD8,,,,,,,,0
V239IIoGVT8,,,,,,,,0
Thvc2s9aUP4,,,,,,,,0
MGX9Pt-XIJM,,,,,,,,0
6AZNKv_TU3Y,,,,,,,,0
IkwbG0ikJYw,,,,,,,,0
HLS_cfYpJAU,,,,,,,,0
WhntV3539Do,,,,,,,,0
o75AqTInKDU,,,,,,,,0
WyIP1jlYjsk,,,,,,,,0
tswtT0sxnUU,,,,,,,,0
ttGhFCfLjT0,,,,,,,,0
iDMU5z0eMQw,,,,,,,,0
R5-egVQ9-X0,,,,,,,,0
VUTSkH9l6G4,,,,,,,,0
t-wOv08p_ag,,,,,,,,0
43mSAy0aygU,,,,,,,,0
